ablation,sample_size,replicate,seed,full_tv_error,ablated_tv_error,full_better,invalid_category,full_invalid_mass,ablated_invalid_mass,full_invalid_top1,ablated_invalid_top1
A2_remove_industry_prior,1,0,11729,0.032323232323,0.171212121212,True,,,,,
A4_remove_hierarchical_pooling,1,0,11729,0.032323232323,0.45,True,,,,,
A2_remove_industry_prior,1,1,11730,0.156902356902,0.282323232323,True,,,,,
A4_remove_hierarchical_pooling,1,1,11730,0.156902356902,0.82,True,,,,,
A2_remove_industry_prior,1,2,11731,0.106397306397,0.275555555556,True,,,,,
A4_remove_hierarchical_pooling,1,2,11731,0.106397306397,0.9,True,,,,,
A2_remove_industry_prior,1,3,11732,0.067676767677,0.201515151515,True,,,,,
A4_remove_hierarchical_pooling,1,3,11732,0.067676767677,0.45,True,,,,,
A2_remove_industry_prior,1,4,11733,0.101986531987,0.174545454545,True,,,,,
A4_remove_hierarchical_pooling,1,4,11733,0.101986531987,0.45,True,,,,,
A2_remove_industry_prior,1,5,11734,0.059797979798,0.15101010101,True,,,,,
A4_remove_hierarchical_pooling,1,5,11734,0.059797979798,0.45,True,,,,,
A2_remove_industry_prior,1,6,11735,0.129090909091,0.265454545455,True,,,,,
A4_remove_hierarchical_pooling,1,6,11735,0.129090909091,0.82,True,,,,,
A2_remove_industry_prior,1,7,11736,0.076632996633,0.245252525253,True,,,,,
A4_remove_hierarchical_pooling,1,7,11736,0.076632996633,0.45,True,,,,,
A2_remove_industry_prior,1,8,11737,0.03632996633,0.161111111111,True,,,,,
A4_remove_hierarchical_pooling,1,8,11737,0.03632996633,0.45,True,,,,,
A2_remove_industry_prior,1,9,11738,0.073535353535,0.204848484848,True,,,,,
A4_remove_hierarchical_pooling,1,9,11738,0.073535353535,0.45,True,,,,,
A2_remove_industry_prior,1,10,11739,0.118181818182,0.184646464646,True,,,,,
A4_remove_hierarchical_pooling,1,10,11739,0.118181818182,0.45,True,,,,,
A2_remove_industry_prior,1,11,11740,0.036498316498,0.161111111111,True,,,,,
A4_remove_hierarchical_pooling,1,11,11740,0.036498316498,0.45,True,,,,,
A2_remove_industry_prior,1,12,11741,0.03303030303,0.191414141414,True,,,,,
A4_remove_hierarchical_pooling,1,12,11741,0.03303030303,0.45,True,,,,,
A2_remove_industry_prior,1,13,11742,0.135656565657,0.245252525253,True,,,,,
A4_remove_hierarchical_pooling,1,13,11742,0.135656565657,0.45,True,,,,,
A2_remove_industry_prior,1,14,11743,0.058754208754,0.083636363636,True,,,,,
A4_remove_hierarchical_pooling,1,14,11743,0.058754208754,0.45,True,,,,,
A2_remove_industry_prior,1,15,11744,0.067676767677,0.214949494949,True,,,,,
A4_remove_hierarchical_pooling,1,15,11744,0.067676767677,0.45,True,,,,,
A2_remove_industry_prior,1,16,11745,0.172053872054,0.191414141414,True,,,,,
A4_remove_hierarchical_pooling,1,16,11745,0.172053872054,0.45,True,,,,,
A2_remove_industry_prior,1,17,11746,0.042962962963,0.241919191919,True,,,,,
A4_remove_hierarchical_pooling,1,17,11746,0.042962962963,0.45,True,,,,,
A2_remove_industry_prior,1,18,11747,0.156734006734,0.262121212121,True,,,,,
A4_remove_hierarchical_pooling,1,18,11747,0.156734006734,0.45,True,,,,,
A2_remove_industry_prior,1,19,11748,0.208114478114,0.221717171717,True,,,,,
A4_remove_hierarchical_pooling,1,19,11748,0.208114478114,0.83,True,,,,,
A2_remove_industry_prior,1,20,11749,0.264646464646,0.292424242424,True,,,,,
A4_remove_hierarchical_pooling,1,20,11749,0.264646464646,0.83,True,,,,,
A2_remove_industry_prior,1,21,11750,0.224242424242,0.326060606061,True,,,,,
A4_remove_hierarchical_pooling,1,21,11750,0.224242424242,0.9,True,,,,,
A2_remove_industry_prior,1,22,11751,0.073434343434,0.241919191919,True,,,,,
A4_remove_hierarchical_pooling,1,22,11751,0.073434343434,0.45,True,,,,,
A2_remove_industry_prior,1,23,11752,0.049966329966,0.181313131313,True,,,,,
A4_remove_hierarchical_pooling,1,23,11752,0.049966329966,0.45,True,,,,,
A2_remove_industry_prior,1,24,11753,0.223367003367,0.302525252525,True,,,,,
A4_remove_hierarchical_pooling,1,24,11753,0.223367003367,0.82,True,,,,,
A2_remove_industry_prior,1,25,11754,0.140774410774,0.262121212121,True,,,,,
A4_remove_hierarchical_pooling,1,25,11754,0.140774410774,0.9,True,,,,,
A2_remove_industry_prior,1,26,11755,0.212457912458,0.342929292929,True,,,,,
A4_remove_hierarchical_pooling,1,26,11755,0.212457912458,0.83,True,,,,,
A2_remove_industry_prior,1,27,11756,0.090269360269,0.191414141414,True,,,,,
A4_remove_hierarchical_pooling,1,27,11756,0.090269360269,0.45,True,,,,,
A2_remove_industry_prior,1,28,11757,0.12404040404,0.35303030303,True,,,,,
A4_remove_hierarchical_pooling,1,28,11757,0.12404040404,0.82,True,,,,,
A2_remove_industry_prior,1,29,11758,0.09531986532,0.282323232323,True,,,,,
A4_remove_hierarchical_pooling,1,29,11758,0.09531986532,0.83,True,,,,,
A2_remove_industry_prior,1,30,11759,0.109764309764,0.184646464646,True,,,,,
A4_remove_hierarchical_pooling,1,30,11759,0.109764309764,0.45,True,,,,,
A2_remove_industry_prior,1,31,11760,0.160101010101,0.181313131313,True,,,,,
A4_remove_hierarchical_pooling,1,31,11760,0.160101010101,0.45,True,,,,,
A2_remove_industry_prior,1,32,11761,0.235858585859,0.235151515152,False,,,,,
A4_remove_hierarchical_pooling,1,32,11761,0.235858585859,0.82,True,,,,,
A2_remove_industry_prior,1,33,11762,0.039427609428,0.184646464646,True,,,,,
A4_remove_hierarchical_pooling,1,33,11762,0.039427609428,0.45,True,,,,,
A2_remove_industry_prior,1,34,11763,0.089562289562,0.241919191919,True,,,,,
A4_remove_hierarchical_pooling,1,34,11763,0.089562289562,0.45,True,,,,,
A2_remove_industry_prior,1,35,11764,0.116801346801,0.255353535354,True,,,,,
A4_remove_hierarchical_pooling,1,35,11764,0.116801346801,0.45,True,,,,,
A2_remove_industry_prior,1,36,11765,0.028787878788,0.140909090909,True,,,,,
A4_remove_hierarchical_pooling,1,36,11765,0.028787878788,0.45,True,,,,,
A2_remove_industry_prior,1,37,11766,0.076902356902,0.241919191919,True,,,,,
A4_remove_hierarchical_pooling,1,37,11766,0.076902356902,0.9,True,,,,,
A2_remove_industry_prior,1,38,11767,0.17861952862,0.282323232323,True,,,,,
A4_remove_hierarchical_pooling,1,38,11767,0.17861952862,0.82,True,,,,,
A2_remove_industry_prior,1,39,11768,0.075050505051,0.225050505051,True,,,,,
A4_remove_hierarchical_pooling,1,39,11768,0.075050505051,0.45,True,,,,,
A2_remove_industry_prior,1,40,11769,0.221683501684,0.312626262626,True,,,,,
A4_remove_hierarchical_pooling,1,40,11769,0.221683501684,0.82,True,,,,,
A2_remove_industry_prior,1,41,11770,0.101986531987,0.24595959596,True,,,,,
A4_remove_hierarchical_pooling,1,41,11770,0.101986531987,0.82,True,,,,,
A2_remove_industry_prior,1,42,11771,0.145656565657,0.235858585859,True,,,,,
A4_remove_hierarchical_pooling,1,42,11771,0.145656565657,0.83,True,,,,,
A2_remove_industry_prior,1,43,11772,0.123232323232,0.174545454545,True,,,,,
A4_remove_hierarchical_pooling,1,43,11772,0.123232323232,0.45,True,,,,,
A2_remove_industry_prior,1,44,11773,0.259595959596,0.265454545455,True,,,,,
A4_remove_hierarchical_pooling,1,44,11773,0.259595959596,0.82,True,,,,,
A2_remove_industry_prior,1,45,11774,0.220707070707,0.336161616162,True,,,,,
A4_remove_hierarchical_pooling,1,45,11774,0.220707070707,0.82,True,,,,,
A2_remove_industry_prior,1,46,11775,0.079292929293,0.15101010101,True,,,,,
A4_remove_hierarchical_pooling,1,46,11775,0.079292929293,0.45,True,,,,,
A2_remove_industry_prior,1,47,11776,0.079461279461,0.181313131313,True,,,,,
A4_remove_hierarchical_pooling,1,47,11776,0.079461279461,0.45,True,,,,,
A2_remove_industry_prior,1,48,11777,0.161952861953,0.326060606061,True,,,,,
A4_remove_hierarchical_pooling,1,48,11777,0.161952861953,0.82,True,,,,,
A2_remove_industry_prior,1,49,11778,0.208922558923,0.282323232323,True,,,,,
A4_remove_hierarchical_pooling,1,49,11778,0.208922558923,0.83,True,,,,,
A2_remove_industry_prior,1,50,11779,0.121548821549,0.255353535354,True,,,,,
A4_remove_hierarchical_pooling,1,50,11779,0.121548821549,0.9,True,,,,,
A2_remove_industry_prior,1,51,11780,0.172053872054,0.282323232323,True,,,,,
A4_remove_hierarchical_pooling,1,51,11780,0.172053872054,0.83,True,,,,,
A2_remove_industry_prior,1,52,11781,0.024377104377,0.144242424242,True,,,,,
A4_remove_hierarchical_pooling,1,52,11781,0.024377104377,0.45,True,,,,,
A2_remove_industry_prior,1,53,11782,0.090269360269,0.204848484848,True,,,,,
A4_remove_hierarchical_pooling,1,53,11782,0.090269360269,0.45,True,,,,,
A2_remove_industry_prior,1,54,11783,0.033838383838,0.211616161616,True,,,,,
A4_remove_hierarchical_pooling,1,54,11783,0.033838383838,0.45,True,,,,,
A2_remove_industry_prior,1,55,11784,0.072222222222,0.124747474747,True,,,,,
A4_remove_hierarchical_pooling,1,55,11784,0.072222222222,0.45,True,,,,,
A2_remove_industry_prior,1,56,11785,0.099494949495,0.322727272727,True,,,,,
A4_remove_hierarchical_pooling,1,56,11785,0.099494949495,0.83,True,,,,,
A2_remove_industry_prior,1,57,11786,0.180303030303,0.312626262626,True,,,,,
A4_remove_hierarchical_pooling,1,57,11786,0.180303030303,0.82,True,,,,,
A2_remove_industry_prior,1,58,11787,0.186228956229,0.282323232323,True,,,,,
A4_remove_hierarchical_pooling,1,58,11787,0.186228956229,0.9,True,,,,,
A2_remove_industry_prior,1,59,11788,0.312424242424,0.312626262626,True,,,,,
A4_remove_hierarchical_pooling,1,59,11788,0.312424242424,0.82,True,,,,,
A2_remove_industry_prior,1,60,11789,0.107912457912,0.201515151515,True,,,,,
A4_remove_hierarchical_pooling,1,60,11789,0.107912457912,0.45,True,,,,,
A2_remove_industry_prior,1,61,11790,0.067508417508,0.25202020202,True,,,,,
A4_remove_hierarchical_pooling,1,61,11790,0.067508417508,0.45,True,,,,,
A2_remove_industry_prior,1,62,11791,0.130505050505,0.215656565657,True,,,,,
A4_remove_hierarchical_pooling,1,62,11791,0.130505050505,0.83,True,,,,,
A2_remove_industry_prior,1,63,11792,0.01531986532,0.211616161616,True,,,,,
A4_remove_hierarchical_pooling,1,63,11792,0.01531986532,0.45,True,,,,,
A2_remove_industry_prior,1,64,11793,0.072558922559,0.262121212121,True,,,,,
A4_remove_hierarchical_pooling,1,64,11793,0.072558922559,0.45,True,,,,,
A2_remove_industry_prior,1,65,11794,0.050673400673,0.15101010101,True,,,,,
A4_remove_hierarchical_pooling,1,65,11794,0.050673400673,0.45,True,,,,,
A2_remove_industry_prior,1,66,11795,0.096127946128,0.231818181818,True,,,,,
A4_remove_hierarchical_pooling,1,66,11795,0.096127946128,0.45,True,,,,,
A2_remove_industry_prior,1,67,11796,0.136531986532,0.265454545455,True,,,,,
A4_remove_hierarchical_pooling,1,67,11796,0.136531986532,0.82,True,,,,,
A2_remove_industry_prior,1,68,11797,0.108888888889,0.241919191919,True,,,,,
A4_remove_hierarchical_pooling,1,68,11797,0.108888888889,0.82,True,,,,,
A2_remove_industry_prior,1,69,11798,0.057878787879,0.164444444444,True,,,,,
A4_remove_hierarchical_pooling,1,69,11798,0.057878787879,0.45,True,,,,,
A2_remove_industry_prior,1,70,11799,0.081952861953,0.262121212121,True,,,,,
A4_remove_hierarchical_pooling,1,70,11799,0.081952861953,0.82,True,,,,,
A2_remove_industry_prior,1,71,11800,0.049966329966,0.181313131313,True,,,,,
A4_remove_hierarchical_pooling,1,71,11800,0.049966329966,0.45,True,,,,,
A2_remove_industry_prior,1,72,11801,0.025420875421,0.302525252525,True,,,,,
A4_remove_hierarchical_pooling,1,72,11801,0.025420875421,0.82,True,,,,,
A2_remove_industry_prior,1,73,11802,0.067508417508,0.165151515152,True,,,,,
A4_remove_hierarchical_pooling,1,73,11802,0.067508417508,0.45,True,,,,,
A2_remove_industry_prior,1,74,11803,0.138383838384,0.262121212121,True,,,,,
A4_remove_hierarchical_pooling,1,74,11803,0.138383838384,0.83,True,,,,,
A2_remove_industry_prior,1,75,11804,0.016666666667,0.235151515152,True,,,,,
A4_remove_hierarchical_pooling,1,75,11804,0.016666666667,0.45,True,,,,,
A2_remove_industry_prior,1,76,11805,0.067878787879,0.174545454545,True,,,,,
A4_remove_hierarchical_pooling,1,76,11805,0.067878787879,0.45,True,,,,,
A2_remove_industry_prior,1,77,11806,0.124747474747,0.282323232323,True,,,,,
A4_remove_hierarchical_pooling,1,77,11806,0.124747474747,0.83,True,,,,,
A2_remove_industry_prior,1,78,11807,0.16531986532,0.275555555556,True,,,,,
A4_remove_hierarchical_pooling,1,78,11807,0.16531986532,0.82,True,,,,,
A2_remove_industry_prior,1,79,11808,0.130774410774,0.282323232323,True,,,,,
A4_remove_hierarchical_pooling,1,79,11808,0.130774410774,0.9,True,,,,,
A2_remove_industry_prior,1,80,11809,0.169326599327,0.306565656566,True,,,,,
A4_remove_hierarchical_pooling,1,80,11809,0.169326599327,0.82,True,,,,,
A2_remove_industry_prior,1,81,11810,0.032323232323,0.174545454545,True,,,,,
A4_remove_hierarchical_pooling,1,81,11810,0.032323232323,0.45,True,,,,,
A2_remove_industry_prior,1,82,11811,0.07303030303,0.211616161616,True,,,,,
A4_remove_hierarchical_pooling,1,82,11811,0.07303030303,0.45,True,,,,,
A2_remove_industry_prior,1,83,11812,0.088518518519,0.201515151515,True,,,,,
A4_remove_hierarchical_pooling,1,83,11812,0.088518518519,0.45,True,,,,,
A2_remove_industry_prior,1,84,11813,0.147508417508,0.302525252525,True,,,,,
A4_remove_hierarchical_pooling,1,84,11813,0.147508417508,0.83,True,,,,,
A2_remove_industry_prior,1,85,11814,0.076094276094,0.161111111111,True,,,,,
A4_remove_hierarchical_pooling,1,85,11814,0.076094276094,0.45,True,,,,,
A2_remove_industry_prior,1,86,11815,0.143434343434,0.295757575758,True,,,,,
A4_remove_hierarchical_pooling,1,86,11815,0.143434343434,0.82,True,,,,,
A2_remove_industry_prior,1,87,11816,0.076734006734,0.231818181818,True,,,,,
A4_remove_hierarchical_pooling,1,87,11816,0.076734006734,0.45,True,,,,,
A2_remove_industry_prior,1,88,11817,0.081784511785,0.225757575758,True,,,,,
A4_remove_hierarchical_pooling,1,88,11817,0.081784511785,0.45,True,,,,,
A2_remove_industry_prior,1,89,11818,0.127306397306,0.342929292929,True,,,,,
A4_remove_hierarchical_pooling,1,89,11818,0.127306397306,0.83,True,,,,,
A2_remove_industry_prior,1,90,11819,0.144074074074,0.272222222222,True,,,,,
A4_remove_hierarchical_pooling,1,90,11819,0.144074074074,0.82,True,,,,,
A2_remove_industry_prior,1,91,11820,0.160101010101,0.332828282828,True,,,,,
A4_remove_hierarchical_pooling,1,91,11820,0.160101010101,0.83,True,,,,,
A2_remove_industry_prior,1,92,11821,0.128922558923,0.184646464646,True,,,,,
A4_remove_hierarchical_pooling,1,92,11821,0.128922558923,0.45,True,,,,,
A2_remove_industry_prior,1,93,11822,0.090202020202,0.15101010101,True,,,,,
A4_remove_hierarchical_pooling,1,93,11822,0.090202020202,0.45,True,,,,,
A2_remove_industry_prior,1,94,11823,0.105521885522,0.241919191919,True,,,,,
A4_remove_hierarchical_pooling,1,94,11823,0.105521885522,0.45,True,,,,,
A2_remove_industry_prior,1,95,11824,0.194579124579,0.336161616162,True,,,,,
A4_remove_hierarchical_pooling,1,95,11824,0.194579124579,0.82,True,,,,,
A2_remove_industry_prior,1,96,11825,0.051548821549,0.174545454545,True,,,,,
A4_remove_hierarchical_pooling,1,96,11825,0.051548821549,0.45,True,,,,,
A2_remove_industry_prior,1,97,11826,0.20138047138,0.332828282828,True,,,,,
A4_remove_hierarchical_pooling,1,97,11826,0.20138047138,0.83,True,,,,,
A2_remove_industry_prior,1,98,11827,0.156026936027,0.342929292929,True,,,,,
A4_remove_hierarchical_pooling,1,98,11827,0.156026936027,0.9,True,,,,,
A2_remove_industry_prior,1,99,11828,0.083535353535,0.292424242424,True,,,,,
A4_remove_hierarchical_pooling,1,99,11828,0.083535353535,0.9,True,,,,,
A2_remove_industry_prior,1,100,11829,0.122356902357,0.31595959596,True,,,,,
A4_remove_hierarchical_pooling,1,100,11829,0.122356902357,0.9,True,,,,,
A2_remove_industry_prior,1,101,11830,0.071515151515,0.194747474747,True,,,,,
A4_remove_hierarchical_pooling,1,101,11830,0.071515151515,0.45,True,,,,,
A2_remove_industry_prior,1,102,11831,0.037205387205,0.332828282828,True,,,,,
A4_remove_hierarchical_pooling,1,102,11831,0.037205387205,0.83,True,,,,,
A2_remove_industry_prior,1,103,11832,0.091952861953,0.255353535354,True,,,,,
A4_remove_hierarchical_pooling,1,103,11832,0.091952861953,0.45,True,,,,,
A2_remove_industry_prior,1,104,11833,0.085151515152,0.184646464646,True,,,,,
A4_remove_hierarchical_pooling,1,104,11833,0.085151515152,0.45,True,,,,,
A2_remove_industry_prior,1,105,11834,0.077777777778,0.262121212121,True,,,,,
A4_remove_hierarchical_pooling,1,105,11834,0.077777777778,0.45,True,,,,,
A2_remove_industry_prior,1,106,11835,0.192255892256,0.245252525253,True,,,,,
A4_remove_hierarchical_pooling,1,106,11835,0.192255892256,0.9,True,,,,,
A2_remove_industry_prior,1,107,11836,0.065016835017,0.185353535354,True,,,,,
A4_remove_hierarchical_pooling,1,107,11836,0.065016835017,0.45,True,,,,,
A2_remove_industry_prior,1,108,11837,0.026127946128,0.201515151515,True,,,,,
A4_remove_hierarchical_pooling,1,108,11837,0.026127946128,0.45,True,,,,,
A2_remove_industry_prior,1,109,11838,0.150168350168,0.332828282828,True,,,,,
A4_remove_hierarchical_pooling,1,109,11838,0.150168350168,0.83,True,,,,,
A2_remove_industry_prior,1,110,11839,0.089865319865,0.144242424242,True,,,,,
A4_remove_hierarchical_pooling,1,110,11839,0.089865319865,0.45,True,,,,,
A2_remove_industry_prior,1,111,11840,0.030942760943,0.221717171717,True,,,,,
A4_remove_hierarchical_pooling,1,111,11840,0.030942760943,0.45,True,,,,,
A2_remove_industry_prior,1,112,11841,0.041919191919,0.214949494949,True,,,,,
A4_remove_hierarchical_pooling,1,112,11841,0.041919191919,0.45,True,,,,,
A2_remove_industry_prior,1,113,11842,0.149292929293,0.302525252525,True,,,,,
A4_remove_hierarchical_pooling,1,113,11842,0.149292929293,0.45,True,,,,,
A2_remove_industry_prior,1,114,11843,0.155218855219,0.275555555556,True,,,,,
A4_remove_hierarchical_pooling,1,114,11843,0.155218855219,0.82,True,,,,,
A2_remove_industry_prior,1,115,11844,0.05404040404,0.161111111111,True,,,,,
A4_remove_hierarchical_pooling,1,115,11844,0.05404040404,0.45,True,,,,,
A2_remove_industry_prior,1,116,11845,0.048282828283,0.144242424242,True,,,,,
A4_remove_hierarchical_pooling,1,116,11845,0.048282828283,0.45,True,,,,,
A2_remove_industry_prior,1,117,11846,0.04962962963,0.161111111111,True,,,,,
A4_remove_hierarchical_pooling,1,117,11846,0.04962962963,0.45,True,,,,,
A2_remove_industry_prior,1,118,11847,0.212457912458,0.342929292929,True,,,,,
A4_remove_hierarchical_pooling,1,118,11847,0.212457912458,0.9,True,,,,,
A2_remove_industry_prior,1,119,11848,0.054848484848,0.25202020202,True,,,,,
A4_remove_hierarchical_pooling,1,119,11848,0.054848484848,0.45,True,,,,,
A2_remove_industry_prior,1,120,11849,0.114814814815,0.302525252525,True,,,,,
A4_remove_hierarchical_pooling,1,120,11849,0.114814814815,0.82,True,,,,,
A2_remove_industry_prior,1,121,11850,0.034713804714,0.245252525253,True,,,,,
A4_remove_hierarchical_pooling,1,121,11850,0.034713804714,0.45,True,,,,,
A2_remove_industry_prior,1,122,11851,0.107912457912,0.262121212121,True,,,,,
A4_remove_hierarchical_pooling,1,122,11851,0.107912457912,0.83,True,,,,,
A2_remove_industry_prior,1,123,11852,0.067878787879,0.241919191919,True,,,,,
A4_remove_hierarchical_pooling,1,123,11852,0.067878787879,0.45,True,,,,,
A2_remove_industry_prior,1,124,11853,0.188720538721,0.231818181818,True,,,,,
A4_remove_hierarchical_pooling,1,124,11853,0.188720538721,0.45,True,,,,,
A2_remove_industry_prior,1,125,11854,0.03303030303,0.191414141414,True,,,,,
A4_remove_hierarchical_pooling,1,125,11854,0.03303030303,0.45,True,,,,,
A2_remove_industry_prior,1,126,11855,0.17037037037,0.272222222222,True,,,,,
A4_remove_hierarchical_pooling,1,126,11855,0.17037037037,0.83,True,,,,,
A2_remove_industry_prior,1,127,11856,0.096835016835,0.272222222222,True,,,,,
A4_remove_hierarchical_pooling,1,127,11856,0.096835016835,0.83,True,,,,,
A2_remove_industry_prior,1,128,11857,0.207407407407,0.221717171717,True,,,,,
A4_remove_hierarchical_pooling,1,128,11857,0.207407407407,0.83,True,,,,,
A2_remove_industry_prior,1,129,11858,0.146801346801,0.312626262626,True,,,,,
A4_remove_hierarchical_pooling,1,129,11858,0.146801346801,0.83,True,,,,,
A2_remove_industry_prior,1,130,11859,0.053232323232,0.191414141414,True,,,,,
A4_remove_hierarchical_pooling,1,130,11859,0.053232323232,0.45,True,,,,,
A2_remove_industry_prior,1,131,11860,0.175420875421,0.302525252525,True,,,,,
A4_remove_hierarchical_pooling,1,131,11860,0.175420875421,0.83,True,,,,,
A2_remove_industry_prior,1,132,11861,0.059898989899,0.211616161616,True,,,,,
A4_remove_hierarchical_pooling,1,132,11861,0.059898989899,0.45,True,,,,,
A2_remove_industry_prior,1,133,11862,0.153535353535,0.262121212121,True,,,,,
A4_remove_hierarchical_pooling,1,133,11862,0.153535353535,0.9,True,,,,,
A2_remove_industry_prior,1,134,11863,0.202188552189,0.302525252525,True,,,,,
A4_remove_hierarchical_pooling,1,134,11863,0.202188552189,0.82,True,,,,,
A2_remove_industry_prior,1,135,11864,0.186161616162,0.289696969697,True,,,,,
A4_remove_hierarchical_pooling,1,135,11864,0.186161616162,0.82,True,,,,,
A2_remove_industry_prior,1,136,11865,0.089393939394,0.221717171717,True,,,,,
A4_remove_hierarchical_pooling,1,136,11865,0.089393939394,0.45,True,,,,,
A2_remove_industry_prior,1,137,11866,0.027811447811,0.201515151515,True,,,,,
A4_remove_hierarchical_pooling,1,137,11866,0.027811447811,0.45,True,,,,,
A2_remove_industry_prior,1,138,11867,0.04898989899,0.25202020202,True,,,,,
A4_remove_hierarchical_pooling,1,138,11867,0.04898989899,0.83,True,,,,,
A2_remove_industry_prior,1,139,11868,0.10164983165,0.204848484848,True,,,,,
A4_remove_hierarchical_pooling,1,139,11868,0.10164983165,0.45,True,,,,,
A2_remove_industry_prior,1,140,11869,0.203872053872,0.272222222222,True,,,,,
A4_remove_hierarchical_pooling,1,140,11869,0.203872053872,0.83,True,,,,,
A2_remove_industry_prior,1,141,11870,0.278114478114,0.282323232323,True,,,,,
A4_remove_hierarchical_pooling,1,141,11870,0.278114478114,0.82,True,,,,,
A2_remove_industry_prior,1,142,11871,0.078417508418,0.214949494949,True,,,,,
A4_remove_hierarchical_pooling,1,142,11871,0.078417508418,0.45,True,,,,,
A2_remove_industry_prior,1,143,11872,0.097104377104,0.215656565657,True,,,,,
A4_remove_hierarchical_pooling,1,143,11872,0.097104377104,0.45,True,,,,,
A2_remove_industry_prior,1,144,11873,0.188720538721,0.302525252525,True,,,,,
A4_remove_hierarchical_pooling,1,144,11873,0.188720538721,0.83,True,,,,,
A2_remove_industry_prior,1,145,11874,0.102154882155,0.221717171717,True,,,,,
A4_remove_hierarchical_pooling,1,145,11874,0.102154882155,0.45,True,,,,,
A2_remove_industry_prior,1,146,11875,0.120572390572,0.241919191919,True,,,,,
A4_remove_hierarchical_pooling,1,146,11875,0.120572390572,0.83,True,,,,,
A2_remove_industry_prior,1,147,11876,0.071750841751,0.15101010101,True,,,,,
A4_remove_hierarchical_pooling,1,147,11876,0.071750841751,0.45,True,,,,,
A2_remove_industry_prior,1,148,11877,0.093468013468,0.363131313131,True,,,,,
A4_remove_hierarchical_pooling,1,148,11877,0.093468013468,0.83,True,,,,,
A2_remove_industry_prior,1,149,11878,0.100202020202,0.312626262626,True,,,,,
A4_remove_hierarchical_pooling,1,149,11878,0.100202020202,0.83,True,,,,,
A2_remove_industry_prior,1,150,11879,0.037205387205,0.262121212121,True,,,,,
A4_remove_hierarchical_pooling,1,150,11879,0.037205387205,0.45,True,,,,,
A2_remove_industry_prior,1,151,11880,0.067508417508,0.181313131313,True,,,,,
A4_remove_hierarchical_pooling,1,151,11880,0.067508417508,0.45,True,,,,,
A2_remove_industry_prior,1,152,11881,0.168518518519,0.231818181818,True,,,,,
A4_remove_hierarchical_pooling,1,152,11881,0.168518518519,0.83,True,,,,,
A2_remove_industry_prior,1,153,11882,0.236026936027,0.302525252525,True,,,,,
A4_remove_hierarchical_pooling,1,153,11882,0.236026936027,0.82,True,,,,,
A2_remove_industry_prior,1,154,11883,0.069191919192,0.221717171717,True,,,,,
A4_remove_hierarchical_pooling,1,154,11883,0.069191919192,0.45,True,,,,,
A2_remove_industry_prior,1,155,11884,0.086026936027,0.241919191919,True,,,,,
A4_remove_hierarchical_pooling,1,155,11884,0.086026936027,0.82,True,,,,,
A2_remove_industry_prior,1,156,11885,0.076296296296,0.214949494949,True,,,,,
A4_remove_hierarchical_pooling,1,156,11885,0.076296296296,0.45,True,,,,,
A2_remove_industry_prior,1,157,11886,0.132188552189,0.120707070707,False,,,,,
A4_remove_hierarchical_pooling,1,157,11886,0.132188552189,0.45,True,,,,,
A2_remove_industry_prior,1,158,11887,0.070875420875,0.12404040404,True,,,,,
A4_remove_hierarchical_pooling,1,158,11887,0.070875420875,0.45,True,,,,,
A2_remove_industry_prior,1,159,11888,0.082828282828,0.225050505051,True,,,,,
A4_remove_hierarchical_pooling,1,159,11888,0.082828282828,0.9,True,,,,,
A2_remove_industry_prior,1,160,11889,0.070875420875,0.266161616162,True,,,,,
A4_remove_hierarchical_pooling,1,160,11889,0.070875420875,0.82,True,,,,,
A2_remove_industry_prior,1,161,11890,0.161784511785,0.266161616162,True,,,,,
A4_remove_hierarchical_pooling,1,161,11890,0.161784511785,0.83,True,,,,,
A2_remove_industry_prior,1,162,11891,0.071043771044,0.221717171717,True,,,,,
A4_remove_hierarchical_pooling,1,162,11891,0.071043771044,0.45,True,,,,,
A2_remove_industry_prior,1,163,11892,0.215656565657,0.302525252525,True,,,,,
A4_remove_hierarchical_pooling,1,163,11892,0.215656565657,0.83,True,,,,,
A2_remove_industry_prior,1,164,11893,0.139898989899,0.245252525253,True,,,,,
A4_remove_hierarchical_pooling,1,164,11893,0.139898989899,0.45,True,,,,,
A2_remove_industry_prior,1,165,11894,0.093131313131,0.201515151515,True,,,,,
A4_remove_hierarchical_pooling,1,165,11894,0.093131313131,0.45,True,,,,,
A2_remove_industry_prior,1,166,11895,0.101178451178,0.282323232323,True,,,,,
A4_remove_hierarchical_pooling,1,166,11895,0.101178451178,0.82,True,,,,,
A2_remove_industry_prior,1,167,11896,0.141582491582,0.295757575758,True,,,,,
A4_remove_hierarchical_pooling,1,167,11896,0.141582491582,0.82,True,,,,,
A2_remove_industry_prior,1,168,11897,0.05202020202,0.231818181818,True,,,,,
A4_remove_hierarchical_pooling,1,168,11897,0.05202020202,0.45,True,,,,,
A2_remove_industry_prior,1,169,11898,0.187205387205,0.282323232323,True,,,,,
A4_remove_hierarchical_pooling,1,169,11898,0.187205387205,0.82,True,,,,,
A2_remove_industry_prior,1,170,11899,0.197306397306,0.25202020202,True,,,,,
A4_remove_hierarchical_pooling,1,170,11899,0.197306397306,0.83,True,,,,,
A2_remove_industry_prior,1,171,11900,0.01569023569,0.214949494949,True,,,,,
A4_remove_hierarchical_pooling,1,171,11900,0.01569023569,0.45,True,,,,,
A2_remove_industry_prior,1,172,11901,0.073434343434,0.181313131313,True,,,,,
A4_remove_hierarchical_pooling,1,172,11901,0.073434343434,0.45,True,,,,,
A2_remove_industry_prior,1,173,11902,0.123771043771,0.265454545455,True,,,,,
A4_remove_hierarchical_pooling,1,173,11902,0.123771043771,0.45,True,,,,,
A2_remove_industry_prior,1,174,11903,0.039764309764,0.21898989899,True,,,,,
A4_remove_hierarchical_pooling,1,174,11903,0.039764309764,0.45,True,,,,,
A2_remove_industry_prior,1,175,11904,0.10303030303,0.140909090909,True,,,,,
A4_remove_hierarchical_pooling,1,175,11904,0.10303030303,0.45,True,,,,,
A2_remove_industry_prior,1,176,11905,0.138383838384,0.184646464646,True,,,,,
A4_remove_hierarchical_pooling,1,176,11905,0.138383838384,0.45,True,,,,,
A2_remove_industry_prior,1,177,11906,0.096296296296,0.191414141414,True,,,,,
A4_remove_hierarchical_pooling,1,177,11906,0.096296296296,0.45,True,,,,,
A2_remove_industry_prior,1,178,11907,0.09037037037,0.140909090909,True,,,,,
A4_remove_hierarchical_pooling,1,178,11907,0.09037037037,0.45,True,,,,,
A2_remove_industry_prior,1,179,11908,0.032154882155,0.194747474747,True,,,,,
A4_remove_hierarchical_pooling,1,179,11908,0.032154882155,0.45,True,,,,,
A2_remove_industry_prior,1,180,11909,0.053063973064,0.205555555556,True,,,,,
A4_remove_hierarchical_pooling,1,180,11909,0.053063973064,0.45,True,,,,,
A2_remove_industry_prior,1,181,11910,0.125723905724,0.336161616162,True,,,,,
A4_remove_hierarchical_pooling,1,181,11910,0.125723905724,0.45,True,,,,,
A2_remove_industry_prior,1,182,11911,0.077609427609,0.184646464646,True,,,,,
A4_remove_hierarchical_pooling,1,182,11911,0.077609427609,0.45,True,,,,,
A2_remove_industry_prior,1,183,11912,0.016296296296,0.262121212121,True,,,,,
A4_remove_hierarchical_pooling,1,183,11912,0.016296296296,0.45,True,,,,,
A2_remove_industry_prior,1,184,11913,0.074242424242,0.221717171717,True,,,,,
A4_remove_hierarchical_pooling,1,184,11913,0.074242424242,0.45,True,,,,,
A2_remove_industry_prior,1,185,11914,0.113939393939,0.161111111111,True,,,,,
A4_remove_hierarchical_pooling,1,185,11914,0.113939393939,0.45,True,,,,,
A2_remove_industry_prior,1,186,11915,0.21228956229,0.225050505051,True,,,,,
A4_remove_hierarchical_pooling,1,186,11915,0.21228956229,0.82,True,,,,,
A2_remove_industry_prior,1,187,11916,0.114814814815,0.302525252525,True,,,,,
A4_remove_hierarchical_pooling,1,187,11916,0.114814814815,0.45,True,,,,,
A2_remove_industry_prior,1,188,11917,0.15,0.282323232323,True,,,,,
A4_remove_hierarchical_pooling,1,188,11917,0.15,0.83,True,,,,,
A2_remove_industry_prior,1,189,11918,0.080168350168,0.181313131313,True,,,,,
A4_remove_hierarchical_pooling,1,189,11918,0.080168350168,0.45,True,,,,,
A2_remove_industry_prior,1,190,11919,0.049966329966,0.154343434343,True,,,,,
A4_remove_hierarchical_pooling,1,190,11919,0.049966329966,0.45,True,,,,,
A2_remove_industry_prior,1,191,11920,0.180471380471,0.241919191919,True,,,,,
A4_remove_hierarchical_pooling,1,191,11920,0.180471380471,0.9,True,,,,,
A2_remove_industry_prior,1,192,11921,0.145824915825,0.342929292929,True,,,,,
A4_remove_hierarchical_pooling,1,192,11921,0.145824915825,0.83,True,,,,,
A2_remove_industry_prior,1,193,11922,0.173737373737,0.292424242424,True,,,,,
A4_remove_hierarchical_pooling,1,193,11922,0.173737373737,0.9,True,,,,,
A2_remove_industry_prior,1,194,11923,0.156902356902,0.191414141414,True,,,,,
A4_remove_hierarchical_pooling,1,194,11923,0.156902356902,0.45,True,,,,,
A2_remove_industry_prior,1,195,11924,0.099494949495,0.25202020202,True,,,,,
A4_remove_hierarchical_pooling,1,195,11924,0.099494949495,0.45,True,,,,,
A2_remove_industry_prior,1,196,11925,0.097003367003,0.231818181818,True,,,,,
A4_remove_hierarchical_pooling,1,196,11925,0.097003367003,0.45,True,,,,,
A2_remove_industry_prior,1,197,11926,0.102861952862,0.154343434343,True,,,,,
A4_remove_hierarchical_pooling,1,197,11926,0.102861952862,0.45,True,,,,,
A2_remove_industry_prior,1,198,11927,0.037912457912,0.235151515152,True,,,,,
A4_remove_hierarchical_pooling,1,198,11927,0.037912457912,0.45,True,,,,,
A2_remove_industry_prior,1,199,11928,0.172053872054,0.282323232323,True,,,,,
A4_remove_hierarchical_pooling,1,199,11928,0.172053872054,0.9,True,,,,,
A2_remove_industry_prior,3,0,31729,0.05433048433,0.181538461538,True,,,,,
A4_remove_hierarchical_pooling,3,0,31729,0.05433048433,0.27,True,,,,,
A2_remove_industry_prior,3,1,31730,0.141452991453,0.229487179487,True,,,,,
A4_remove_hierarchical_pooling,3,1,31730,0.141452991453,0.316666666667,True,,,,,
A2_remove_industry_prior,3,2,31731,0.128831908832,0.186752136752,True,,,,,
A4_remove_hierarchical_pooling,3,2,31731,0.128831908832,0.35,True,,,,,
A2_remove_industry_prior,3,3,31732,0.091965811966,0.186752136752,True,,,,,
A4_remove_hierarchical_pooling,3,3,31732,0.091965811966,0.28,True,,,,,
A2_remove_industry_prior,3,4,31733,0.20150997151,0.349145299145,True,,,,,
A4_remove_hierarchical_pooling,3,4,31733,0.20150997151,0.73,True,,,,,
A2_remove_industry_prior,3,5,31734,0.096011396011,0.058547008547,False,,,,,
A4_remove_hierarchical_pooling,3,5,31734,0.096011396011,0.45,True,,,,,
A2_remove_industry_prior,3,6,31735,0.11339031339,0.238034188034,True,,,,,
A4_remove_hierarchical_pooling,3,6,31735,0.11339031339,0.396666666667,True,,,,,
A2_remove_industry_prior,3,7,31736,0.210028490028,0.198632478632,False,,,,,
A4_remove_hierarchical_pooling,3,7,31736,0.210028490028,0.27,True,,,,,
A2_remove_industry_prior,3,8,31737,0.154273504274,0.238034188034,True,,,,,
A4_remove_hierarchical_pooling,3,8,31737,0.154273504274,0.316666666667,True,,,,,
A2_remove_industry_prior,3,9,31738,0.117464387464,0.190085470085,True,,,,,
A4_remove_hierarchical_pooling,3,9,31738,0.117464387464,0.35,True,,,,,
A2_remove_industry_prior,3,10,31739,0.108917378917,0.205555555556,True,,,,,
A4_remove_hierarchical_pooling,3,10,31739,0.108917378917,0.28,True,,,,,
A2_remove_industry_prior,3,11,31740,0.169743589744,0.238034188034,True,,,,,
A4_remove_hierarchical_pooling,3,11,31740,0.169743589744,0.496666666667,True,,,,,
A2_remove_industry_prior,3,12,31741,0.164672364672,0.238034188034,True,,,,,
A4_remove_hierarchical_pooling,3,12,31741,0.164672364672,0.316666666667,True,,,,,
A2_remove_industry_prior,3,13,31742,0.077777777778,0.205555555556,True,,,,,
A4_remove_hierarchical_pooling,3,13,31742,0.077777777778,0.27,True,,,,,
A2_remove_industry_prior,3,14,31743,0.06433048433,0.118376068376,True,,,,,
A4_remove_hierarchical_pooling,3,14,31743,0.06433048433,0.28,True,,,,,
A2_remove_industry_prior,3,15,31744,0.047236467236,0.13547008547,True,,,,,
A4_remove_hierarchical_pooling,3,15,31744,0.047236467236,0.28,True,,,,,
A2_remove_industry_prior,3,16,31745,0.19886039886,0.289316239316,True,,,,,
A4_remove_hierarchical_pooling,3,16,31745,0.19886039886,0.566666666667,True,,,,,
A2_remove_industry_prior,3,17,31746,0.258262108262,0.323504273504,True,,,,,
A4_remove_hierarchical_pooling,3,17,31746,0.258262108262,0.65,True,,,,,
A2_remove_industry_prior,3,18,31747,0.141253561254,0.22094017094,True,,,,,
A4_remove_hierarchical_pooling,3,18,31747,0.141253561254,0.496666666667,True,,,,,
A2_remove_industry_prior,3,19,31748,0.135754985755,0.179914529915,True,,,,,
A4_remove_hierarchical_pooling,3,19,31748,0.135754985755,0.28,True,,,,,
A2_remove_industry_prior,3,20,31749,0.056324786325,0.13547008547,True,,,,,
A4_remove_hierarchical_pooling,3,20,31749,0.056324786325,0.28,True,,,,,
A2_remove_industry_prior,3,21,31750,0.104415954416,0.152564102564,True,,,,,
A4_remove_hierarchical_pooling,3,21,31750,0.104415954416,0.28,True,,,,,
A2_remove_industry_prior,3,22,31751,0.151851851852,0.314957264957,True,,,,,
A4_remove_hierarchical_pooling,3,22,31751,0.151851851852,0.316666666667,True,,,,,
A2_remove_industry_prior,3,23,31752,0.134757834758,0.289316239316,True,,,,,
A4_remove_hierarchical_pooling,3,23,31752,0.134757834758,0.316666666667,True,,,,,
A2_remove_industry_prior,3,24,31753,0.205555555556,0.152564102564,False,,,,,
A4_remove_hierarchical_pooling,3,24,31753,0.205555555556,0.316666666667,True,,,,,
A2_remove_industry_prior,3,25,31754,0.073076923077,0.238034188034,True,,,,,
A4_remove_hierarchical_pooling,3,25,31754,0.073076923077,0.316666666667,True,,,,,
A2_remove_industry_prior,3,26,31755,0.090598290598,0.255128205128,True,,,,,
A4_remove_hierarchical_pooling,3,26,31755,0.090598290598,0.396666666667,True,,,,,
A2_remove_industry_prior,3,27,31756,0.153048433048,0.263675213675,True,,,,,
A4_remove_hierarchical_pooling,3,27,31756,0.153048433048,0.386666666667,True,,,,,
A2_remove_industry_prior,3,28,31757,0.075726495726,0.280769230769,True,,,,,
A4_remove_hierarchical_pooling,3,28,31757,0.075726495726,0.316666666667,True,,,,,
A2_remove_industry_prior,3,29,31758,0.082849002849,0.188461538462,True,,,,,
A4_remove_hierarchical_pooling,3,29,31758,0.082849002849,0.28,True,,,,,
A2_remove_industry_prior,3,30,31759,0.063247863248,0.130256410256,True,,,,,
A4_remove_hierarchical_pooling,3,30,31759,0.063247863248,0.45,True,,,,,
A2_remove_industry_prior,3,31,31760,0.196011396011,0.272222222222,True,,,,,
A4_remove_hierarchical_pooling,3,31,31760,0.196011396011,0.496666666667,True,,,,,
A2_remove_industry_prior,3,32,31761,0.148774928775,0.29264957265,True,,,,,
A4_remove_hierarchical_pooling,3,32,31761,0.148774928775,0.386666666667,True,,,,,
A2_remove_industry_prior,3,33,31762,0.034757834758,0.195299145299,True,,,,,
A4_remove_hierarchical_pooling,3,33,31762,0.034757834758,0.45,True,,,,,
A2_remove_industry_prior,3,34,31763,0.15,0.188461538462,True,,,,,
A4_remove_hierarchical_pooling,3,34,31763,0.15,0.316666666667,True,,,,,
A2_remove_industry_prior,3,35,31764,0.140227920228,0.191794871795,True,,,,,
A4_remove_hierarchical_pooling,3,35,31764,0.140227920228,0.27,True,,,,,
A2_remove_industry_prior,3,36,31765,0.047236467236,0.144017094017,True,,,,,
A4_remove_hierarchical_pooling,3,36,31765,0.047236467236,0.28,True,,,,,
A2_remove_industry_prior,3,37,31766,0.128831908832,0.326837606838,True,,,,,
A4_remove_hierarchical_pooling,3,37,31766,0.128831908832,0.386666666667,True,,,,,
A2_remove_industry_prior,3,38,31767,0.052136752137,0.178205128205,True,,,,,
A4_remove_hierarchical_pooling,3,38,31767,0.052136752137,0.27,True,,,,,
A2_remove_industry_prior,3,39,31768,0.107492877493,0.258461538462,True,,,,,
A4_remove_hierarchical_pooling,3,39,31768,0.107492877493,0.35,True,,,,,
A2_remove_industry_prior,3,40,31769,0.182991452991,0.238034188034,True,,,,,
A4_remove_hierarchical_pooling,3,40,31769,0.182991452991,0.396666666667,True,,,,,
A2_remove_industry_prior,3,41,31770,0.178290598291,0.169658119658,False,,,,,
A4_remove_hierarchical_pooling,3,41,31770,0.178290598291,0.28,True,,,,,
A2_remove_industry_prior,3,42,31771,0.068803418803,0.241367521368,True,,,,,
A4_remove_hierarchical_pooling,3,42,31771,0.068803418803,0.35,True,,,,,
A2_remove_industry_prior,3,43,31772,0.180341880342,0.332051282051,True,,,,,
A4_remove_hierarchical_pooling,3,43,31772,0.180341880342,0.55,True,,,,,
A2_remove_industry_prior,3,44,31773,0.081396011396,0.22094017094,True,,,,,
A4_remove_hierarchical_pooling,3,44,31773,0.081396011396,0.27,True,,,,,
A2_remove_industry_prior,3,45,31774,0.124358974359,0.212393162393,True,,,,,
A4_remove_hierarchical_pooling,3,45,31774,0.124358974359,0.316666666667,True,,,,,
A2_remove_industry_prior,3,46,31775,0.050427350427,0.14735042735,True,,,,,
A4_remove_hierarchical_pooling,3,46,31775,0.050427350427,0.45,True,,,,,
A2_remove_industry_prior,3,47,31776,0.091595441595,0.22264957265,True,,,,,
A4_remove_hierarchical_pooling,3,47,31776,0.091595441595,0.316666666667,True,,,,,
A2_remove_industry_prior,3,48,31777,0.231396011396,0.332051282051,True,,,,,
A4_remove_hierarchical_pooling,3,48,31777,0.231396011396,0.72,True,,,,,
A2_remove_industry_prior,3,49,31778,0.100484330484,0.251623931624,True,,,,,
A4_remove_hierarchical_pooling,3,49,31778,0.100484330484,0.27,True,,,,,
A2_remove_industry_prior,3,50,31779,0.013447293447,0.188461538462,True,,,,,
A4_remove_hierarchical_pooling,3,50,31779,0.013447293447,0.28,True,,,,,
A2_remove_industry_prior,3,51,31780,0.121937321937,0.22264957265,True,,,,,
A4_remove_hierarchical_pooling,3,51,31780,0.121937321937,0.28,True,,,,,
A2_remove_industry_prior,3,52,31781,0.217179487179,0.340598290598,True,,,,,
A4_remove_hierarchical_pooling,3,52,31781,0.217179487179,0.73,True,,,,,
A2_remove_industry_prior,3,53,31782,0.15754985755,0.272222222222,True,,,,,
A4_remove_hierarchical_pooling,3,53,31782,0.15754985755,0.55,True,,,,,
A2_remove_industry_prior,3,54,31783,0.019173789174,0.113162393162,True,,,,,
A4_remove_hierarchical_pooling,3,54,31783,0.019173789174,0.45,True,,,,,
A2_remove_industry_prior,3,55,31784,0.091595441595,0.272222222222,True,,,,,
A4_remove_hierarchical_pooling,3,55,31784,0.091595441595,0.396666666667,True,,,,,
A2_remove_industry_prior,3,56,31785,0.121709401709,0.284102564103,True,,,,,
A4_remove_hierarchical_pooling,3,56,31785,0.121709401709,0.386666666667,True,,,,,
A2_remove_industry_prior,3,57,31786,0.139829059829,0.280769230769,True,,,,,
A4_remove_hierarchical_pooling,3,57,31786,0.139829059829,0.496666666667,True,,,,,
A2_remove_industry_prior,3,58,31787,0.158746438746,0.352478632479,True,,,,,
A4_remove_hierarchical_pooling,3,58,31787,0.158746438746,0.566666666667,True,,,,,
A2_remove_industry_prior,3,59,31788,0.059401709402,0.14905982906,True,,,,,
A4_remove_hierarchical_pooling,3,59,31788,0.059401709402,0.27,True,,,,,
A2_remove_industry_prior,3,60,31789,0.234045584046,0.30811965812,True,,,,,
A4_remove_hierarchical_pooling,3,60,31789,0.234045584046,0.65,True,,,,,
A2_remove_industry_prior,3,61,31790,0.110541310541,0.239743589744,True,,,,,
A4_remove_hierarchical_pooling,3,61,31790,0.110541310541,0.316666666667,True,,,,,
A2_remove_industry_prior,3,62,31791,0.137407407407,0.238034188034,True,,,,,
A4_remove_hierarchical_pooling,3,62,31791,0.137407407407,0.396666666667,True,,,,,
A2_remove_industry_prior,3,63,31792,0.102792022792,0.229487179487,True,,,,,
A4_remove_hierarchical_pooling,3,63,31792,0.102792022792,0.28,True,,,,,
A2_remove_industry_prior,3,64,31793,0.051851851852,0.169658119658,True,,,,,
A4_remove_hierarchical_pooling,3,64,31793,0.051851851852,0.27,True,,,,,
A2_remove_industry_prior,3,65,31794,0.173988603989,0.275555555556,True,,,,,
A4_remove_hierarchical_pooling,3,65,31794,0.173988603989,0.486666666667,True,,,,,
A2_remove_industry_prior,3,66,31795,0.107407407407,0.078974358974,False,,,,,
A4_remove_hierarchical_pooling,3,66,31795,0.107407407407,0.45,True,,,,,
A2_remove_industry_prior,3,67,31796,0.168945868946,0.208888888889,True,,,,,
A4_remove_hierarchical_pooling,3,67,31796,0.168945868946,0.27,True,,,,,
A2_remove_industry_prior,3,68,31797,0.220227920228,0.340598290598,True,,,,,
A4_remove_hierarchical_pooling,3,68,31797,0.220227920228,0.55,True,,,,,
A2_remove_industry_prior,3,69,31798,0.07735042735,0.207179487179,True,,,,,
A4_remove_hierarchical_pooling,3,69,31798,0.07735042735,0.35,True,,,,,
A2_remove_industry_prior,3,70,31799,0.08566951567,0.224273504274,True,,,,,
A4_remove_hierarchical_pooling,3,70,31799,0.08566951567,0.27,True,,,,,
A2_remove_industry_prior,3,71,31800,0.158974358974,0.280769230769,True,,,,,
A4_remove_hierarchical_pooling,3,71,31800,0.158974358974,0.316666666667,True,,,,,
A2_remove_industry_prior,3,72,31801,0.051908831909,0.174700854701,True,,,,,
A4_remove_hierarchical_pooling,3,72,31801,0.051908831909,0.27,True,,,,,
A2_remove_industry_prior,3,73,31802,0.171367521368,0.239743589744,True,,,,,
A4_remove_hierarchical_pooling,3,73,31802,0.171367521368,0.316666666667,True,,,,,
A2_remove_industry_prior,3,74,31803,0.071794871795,0.172991452991,True,,,,,
A4_remove_hierarchical_pooling,3,74,31803,0.071794871795,0.45,True,,,,,
A2_remove_industry_prior,3,75,31804,0.078547008547,0.246581196581,True,,,,,
A4_remove_hierarchical_pooling,3,75,31804,0.078547008547,0.316666666667,True,,,,,
A2_remove_industry_prior,3,76,31805,0.133048433048,0.144017094017,True,,,,,
A4_remove_hierarchical_pooling,3,76,31805,0.133048433048,0.45,True,,,,,
A2_remove_industry_prior,3,77,31806,0.07,0.113162393162,True,,,,,
A4_remove_hierarchical_pooling,3,77,31806,0.07,0.45,True,,,,,
A2_remove_industry_prior,3,78,31807,0.080626780627,0.195299145299,True,,,,,
A4_remove_hierarchical_pooling,3,78,31807,0.080626780627,0.28,True,,,,,
A2_remove_industry_prior,3,79,31808,0.071652421652,0.232820512821,True,,,,,
A4_remove_hierarchical_pooling,3,79,31808,0.071652421652,0.27,True,,,,,
A2_remove_industry_prior,3,80,31809,0.065726495726,0.198632478632,True,,,,,
A4_remove_hierarchical_pooling,3,80,31809,0.065726495726,0.27,True,,,,,
A2_remove_industry_prior,3,81,31810,0.073076923077,0.155897435897,True,,,,,
A4_remove_hierarchical_pooling,3,81,31810,0.073076923077,0.35,True,,,,,
A2_remove_industry_prior,3,82,31811,0.228347578348,0.280769230769,True,,,,,
A4_remove_hierarchical_pooling,3,82,31811,0.228347578348,0.83,True,,,,,
A2_remove_industry_prior,3,83,31812,0.252991452991,0.383333333333,True,,,,,
A4_remove_hierarchical_pooling,3,83,31812,0.252991452991,0.73,True,,,,,
A2_remove_industry_prior,3,84,31813,0.10037037037,0.138803418803,True,,,,,
A4_remove_hierarchical_pooling,3,84,31813,0.10037037037,0.35,True,,,,,
A2_remove_industry_prior,3,85,31814,0.041737891738,0.161111111111,True,,,,,
A4_remove_hierarchical_pooling,3,85,31814,0.041737891738,0.27,True,,,,,
A2_remove_industry_prior,3,86,31815,0.13433048433,0.272222222222,True,,,,,
A4_remove_hierarchical_pooling,3,86,31815,0.13433048433,0.496666666667,True,,,,,
A2_remove_industry_prior,3,87,31816,0.10037037037,0.280769230769,True,,,,,
A4_remove_hierarchical_pooling,3,87,31816,0.10037037037,0.396666666667,True,,,,,
A2_remove_industry_prior,3,88,31817,0.054558404558,0.22094017094,True,,,,,
A4_remove_hierarchical_pooling,3,88,31817,0.054558404558,0.28,True,,,,,
A2_remove_industry_prior,3,89,31818,0.074501424501,0.217435897436,True,,,,,
A4_remove_hierarchical_pooling,3,89,31818,0.074501424501,0.27,True,,,,,
A2_remove_industry_prior,3,90,31819,0.144301994302,0.231196581197,True,,,,,
A4_remove_hierarchical_pooling,3,90,31819,0.144301994302,0.316666666667,True,,,,,
A2_remove_industry_prior,3,91,31820,0.049088319088,0.14735042735,True,,,,,
A4_remove_hierarchical_pooling,3,91,31820,0.049088319088,0.27,True,,,,,
A2_remove_industry_prior,3,92,31821,0.093219373219,0.128632478632,True,,,,,
A4_remove_hierarchical_pooling,3,92,31821,0.093219373219,0.27,True,,,,,
A2_remove_industry_prior,3,93,31822,0.067378917379,0.258461538462,True,,,,,
A4_remove_hierarchical_pooling,3,93,31822,0.067378917379,0.35,True,,,,,
A2_remove_industry_prior,3,94,31823,0.120227920228,0.087521367521,False,,,,,
A4_remove_hierarchical_pooling,3,94,31823,0.120227920228,0.45,True,,,,,
A2_remove_industry_prior,3,95,31824,0.083190883191,0.087521367521,True,,,,,
A4_remove_hierarchical_pooling,3,95,31824,0.083190883191,0.45,True,,,,,
A2_remove_industry_prior,3,96,31825,0.074700854701,0.155897435897,True,,,,,
A4_remove_hierarchical_pooling,3,96,31825,0.074700854701,0.27,True,,,,,
A2_remove_industry_prior,3,97,31826,0.086096866097,0.14905982906,True,,,,,
A4_remove_hierarchical_pooling,3,97,31826,0.086096866097,0.27,True,,,,,
A2_remove_industry_prior,3,98,31827,0.093447293447,0.272222222222,True,,,,,
A4_remove_hierarchical_pooling,3,98,31827,0.093447293447,0.396666666667,True,,,,,
A2_remove_industry_prior,3,99,31828,0.138831908832,0.255128205128,True,,,,,
A4_remove_hierarchical_pooling,3,99,31828,0.138831908832,0.396666666667,True,,,,,
A2_remove_industry_prior,3,100,31829,0.148803418803,0.255128205128,True,,,,,
A4_remove_hierarchical_pooling,3,100,31829,0.148803418803,0.396666666667,True,,,,,
A2_remove_industry_prior,3,101,31830,0.063532763533,0.169658119658,True,,,,,
A4_remove_hierarchical_pooling,3,101,31830,0.063532763533,0.35,True,,,,,
A2_remove_industry_prior,3,102,31831,0.077122507123,0.214102564103,True,,,,,
A4_remove_hierarchical_pooling,3,102,31831,0.077122507123,0.27,True,,,,,
A2_remove_industry_prior,3,103,31832,0.140256410256,0.229487179487,True,,,,,
A4_remove_hierarchical_pooling,3,103,31832,0.140256410256,0.396666666667,True,,,,,
A2_remove_industry_prior,3,104,31833,0.154045584046,0.212393162393,True,,,,,
A4_remove_hierarchical_pooling,3,104,31833,0.154045584046,0.27,True,,,,,
A2_remove_industry_prior,3,105,31834,0.117236467236,0.145726495726,True,,,,,
A4_remove_hierarchical_pooling,3,105,31834,0.117236467236,0.27,True,,,,,
A2_remove_industry_prior,3,106,31835,0.203133903134,0.314957264957,True,,,,,
A4_remove_hierarchical_pooling,3,106,31835,0.203133903134,0.55,True,,,,,
A2_remove_industry_prior,3,107,31836,0.188461538462,0.212393162393,True,,,,,
A4_remove_hierarchical_pooling,3,107,31836,0.188461538462,0.316666666667,True,,,,,
A2_remove_industry_prior,3,108,31837,0.119088319088,0.195299145299,True,,,,,
A4_remove_hierarchical_pooling,3,108,31837,0.119088319088,0.496666666667,True,,,,,
A2_remove_industry_prior,3,109,31838,0.19396011396,0.357692307692,True,,,,,
A4_remove_hierarchical_pooling,3,109,31838,0.19396011396,0.83,True,,,,,
A2_remove_industry_prior,3,110,31839,0.157122507123,0.22094017094,True,,,,,
A4_remove_hierarchical_pooling,3,110,31839,0.157122507123,0.28,True,,,,,
A2_remove_industry_prior,3,111,31840,0.211452991453,0.361025641026,True,,,,,
A4_remove_hierarchical_pooling,3,111,31840,0.211452991453,0.72,True,,,,,
A2_remove_industry_prior,3,112,31841,0.114188034188,0.162820512821,True,,,,,
A4_remove_hierarchical_pooling,3,112,31841,0.114188034188,0.28,True,,,,,
A2_remove_industry_prior,3,113,31842,0.067378917379,0.154273504274,True,,,,,
A4_remove_hierarchical_pooling,3,113,31842,0.067378917379,0.45,True,,,,,
A2_remove_industry_prior,3,114,31843,0.107037037037,0.241367521368,True,,,,,
A4_remove_hierarchical_pooling,3,114,31843,0.107037037037,0.27,True,,,,,
A2_remove_industry_prior,3,115,31844,0.017891737892,0.06188034188,True,,,,,
A4_remove_hierarchical_pooling,3,115,31844,0.017891737892,0.45,True,,,,,
A2_remove_industry_prior,3,116,31845,0.060028490028,0.106324786325,True,,,,,
A4_remove_hierarchical_pooling,3,116,31845,0.060028490028,0.45,True,,,,,
A2_remove_industry_prior,3,117,31846,0.158746438746,0.30641025641,True,,,,,
A4_remove_hierarchical_pooling,3,117,31846,0.158746438746,0.386666666667,True,,,,,
A2_remove_industry_prior,3,118,31847,0.215954415954,0.326837606838,True,,,,,
A4_remove_hierarchical_pooling,3,118,31847,0.215954415954,0.72,True,,,,,
A2_remove_industry_prior,3,119,31848,0.239743589744,0.297863247863,True,,,,,
A4_remove_hierarchical_pooling,3,119,31848,0.239743589744,0.65,True,,,,,
A2_remove_industry_prior,3,120,31849,0.195384615385,0.246581196581,True,,,,,
A4_remove_hierarchical_pooling,3,120,31849,0.195384615385,0.496666666667,True,,,,,
A2_remove_industry_prior,3,121,31850,0.095868945869,0.178205128205,True,,,,,
A4_remove_hierarchical_pooling,3,121,31850,0.095868945869,0.316666666667,True,,,,,
A2_remove_industry_prior,3,122,31851,0.110313390313,0.22094017094,True,,,,,
A4_remove_hierarchical_pooling,3,122,31851,0.110313390313,0.386666666667,True,,,,,
A2_remove_industry_prior,3,123,31852,0.209829059829,0.255128205128,True,,,,,
A4_remove_hierarchical_pooling,3,123,31852,0.209829059829,0.316666666667,True,,,,,
A2_remove_industry_prior,3,124,31853,0.084245014245,0.249914529915,True,,,,,
A4_remove_hierarchical_pooling,3,124,31853,0.084245014245,0.27,True,,,,,
A2_remove_industry_prior,3,125,31854,0.151652421652,0.238034188034,True,,,,,
A4_remove_hierarchical_pooling,3,125,31854,0.151652421652,0.496666666667,True,,,,,
A2_remove_industry_prior,3,126,31855,0.223076923077,0.280769230769,True,,,,,
A4_remove_hierarchical_pooling,3,126,31855,0.223076923077,0.316666666667,True,,,,,
A2_remove_industry_prior,3,127,31856,0.153276353276,0.246581196581,True,,,,,
A4_remove_hierarchical_pooling,3,127,31856,0.153276353276,0.316666666667,True,,,,,
A2_remove_industry_prior,3,128,31857,0.040683760684,0.078974358974,True,,,,,
A4_remove_hierarchical_pooling,3,128,31857,0.040683760684,0.45,True,,,,,
A2_remove_industry_prior,3,129,31858,0.073447293447,0.113162393162,True,,,,,
A4_remove_hierarchical_pooling,3,129,31858,0.073447293447,0.45,True,,,,,
A2_remove_industry_prior,3,130,31859,0.124558404558,0.224273504274,True,,,,,
A4_remove_hierarchical_pooling,3,130,31859,0.124558404558,0.386666666667,True,,,,,
A2_remove_industry_prior,3,131,31860,0.130056980057,0.229487179487,True,,,,,
A4_remove_hierarchical_pooling,3,131,31860,0.130056980057,0.316666666667,True,,,,,
A2_remove_industry_prior,3,132,31861,0.213874643875,0.340598290598,True,,,,,
A4_remove_hierarchical_pooling,3,132,31861,0.213874643875,0.65,True,,,,,
A2_remove_industry_prior,3,133,31862,0.083048433048,0.203846153846,True,,,,,
A4_remove_hierarchical_pooling,3,133,31862,0.083048433048,0.316666666667,True,,,,,
A2_remove_industry_prior,3,134,31863,0.111538461538,0.198632478632,True,,,,,
A4_remove_hierarchical_pooling,3,134,31863,0.111538461538,0.35,True,,,,,
A2_remove_industry_prior,3,135,31864,0.167521367521,0.255128205128,True,,,,,
A4_remove_hierarchical_pooling,3,135,31864,0.167521367521,0.55,True,,,,,
A2_remove_industry_prior,3,136,31865,0.03660968661,0.130256410256,True,,,,,
A4_remove_hierarchical_pooling,3,136,31865,0.03660968661,0.45,True,,,,,
A2_remove_industry_prior,3,137,31866,0.114586894587,0.280769230769,True,,,,,
A4_remove_hierarchical_pooling,3,137,31866,0.114586894587,0.396666666667,True,,,,,
A2_remove_industry_prior,3,138,31867,0.19415954416,0.238034188034,True,,,,,
A4_remove_hierarchical_pooling,3,138,31867,0.19415954416,0.316666666667,True,,,,,
A2_remove_industry_prior,3,139,31868,0.063304843305,0.164444444444,True,,,,,
A4_remove_hierarchical_pooling,3,139,31868,0.063304843305,0.35,True,,,,,
A2_remove_industry_prior,3,140,31869,0.055128205128,0.075641025641,True,,,,,
A4_remove_hierarchical_pooling,3,140,31869,0.055128205128,0.45,True,,,,,
A2_remove_industry_prior,3,141,31870,0.155897435897,0.258461538462,True,,,,,
A4_remove_hierarchical_pooling,3,141,31870,0.155897435897,0.386666666667,True,,,,,
A2_remove_industry_prior,3,142,31871,0.074871794872,0.104615384615,True,,,,,
A4_remove_hierarchical_pooling,3,142,31871,0.074871794872,0.45,True,,,,,
A2_remove_industry_prior,3,143,31872,0.038262108262,0.155897435897,True,,,,,
A4_remove_hierarchical_pooling,3,143,31872,0.038262108262,0.45,True,,,,,
A2_remove_industry_prior,3,144,31873,0.097065527066,0.205555555556,True,,,,,
A4_remove_hierarchical_pooling,3,144,31873,0.097065527066,0.27,True,,,,,
A2_remove_industry_prior,3,145,31874,0.04886039886,0.186752136752,True,,,,,
A4_remove_hierarchical_pooling,3,145,31874,0.04886039886,0.28,True,,,,,
A2_remove_industry_prior,3,146,31875,0.210056980057,0.357692307692,True,,,,,
A4_remove_hierarchical_pooling,3,146,31875,0.210056980057,0.9,True,,,,,
A2_remove_industry_prior,3,147,31876,0.128404558405,0.29264957265,True,,,,,
A4_remove_hierarchical_pooling,3,147,31876,0.128404558405,0.486666666667,True,,,,,
A2_remove_industry_prior,3,148,31877,0.140227920228,0.241367521368,True,,,,,
A4_remove_hierarchical_pooling,3,148,31877,0.140227920228,0.386666666667,True,,,,,
A2_remove_industry_prior,3,149,31878,0.065954415954,0.249914529915,True,,,,,
A4_remove_hierarchical_pooling,3,149,31878,0.065954415954,0.27,True,,,,,
A2_remove_industry_prior,3,150,31879,0.15264957265,0.289316239316,True,,,,,
A4_remove_hierarchical_pooling,3,150,31879,0.15264957265,0.496666666667,True,,,,,
A2_remove_industry_prior,3,151,31880,0.174444444444,0.246581196581,True,,,,,
A4_remove_hierarchical_pooling,3,151,31880,0.174444444444,0.396666666667,True,,,,,
A2_remove_industry_prior,3,152,31881,0.074928774929,0.198632478632,True,,,,,
A4_remove_hierarchical_pooling,3,152,31881,0.074928774929,0.35,True,,,,,
A2_remove_industry_prior,3,153,31882,0.052051282051,0.155897435897,True,,,,,
A4_remove_hierarchical_pooling,3,153,31882,0.052051282051,0.45,True,,,,,
A2_remove_industry_prior,3,154,31883,0.087521367521,0.155897435897,True,,,,,
A4_remove_hierarchical_pooling,3,154,31883,0.087521367521,0.35,True,,,,,
A2_remove_industry_prior,3,155,31884,0.023361823362,0.113162393162,True,,,,,
A4_remove_hierarchical_pooling,3,155,31884,0.023361823362,0.45,True,,,,,
A2_remove_industry_prior,3,156,31885,0.114757834758,0.032478632479,False,,,,,
A4_remove_hierarchical_pooling,3,156,31885,0.114757834758,0.45,True,,,,,
A2_remove_industry_prior,3,157,31886,0.117464387464,0.101282051282,False,,,,,
A4_remove_hierarchical_pooling,3,157,31886,0.117464387464,0.28,True,,,,,
A2_remove_industry_prior,3,158,31887,0.147150997151,0.126923076923,False,,,,,
A4_remove_hierarchical_pooling,3,158,31887,0.147150997151,0.28,True,,,,,
A2_remove_industry_prior,3,159,31888,0.101794871795,0.229487179487,True,,,,,
A4_remove_hierarchical_pooling,3,159,31888,0.101794871795,0.35,True,,,,,
A2_remove_industry_prior,3,160,31889,0.105185185185,0.241367521368,True,,,,,
A4_remove_hierarchical_pooling,3,160,31889,0.105185185185,0.27,True,,,,,
A2_remove_industry_prior,3,161,31890,0.104615384615,0.212393162393,True,,,,,
A4_remove_hierarchical_pooling,3,161,31890,0.104615384615,0.27,True,,,,,
A2_remove_industry_prior,3,162,31891,0.023789173789,0.155897435897,True,,,,,
A4_remove_hierarchical_pooling,3,162,31891,0.023789173789,0.45,True,,,,,
A2_remove_industry_prior,3,163,31892,0.196809116809,0.186752136752,False,,,,,
A4_remove_hierarchical_pooling,3,163,31892,0.196809116809,0.496666666667,True,,,,,
A2_remove_industry_prior,3,164,31893,0.063447293447,0.104615384615,True,,,,,
A4_remove_hierarchical_pooling,3,164,31893,0.063447293447,0.45,True,,,,,
A2_remove_industry_prior,3,165,31894,0.049202279202,0.181538461538,True,,,,,
A4_remove_hierarchical_pooling,3,165,31894,0.049202279202,0.45,True,,,,,
A2_remove_industry_prior,3,166,31895,0.100142450142,0.229487179487,True,,,,,
A4_remove_hierarchical_pooling,3,166,31895,0.100142450142,0.496666666667,True,,,,,
A2_remove_industry_prior,3,167,31896,0.195584045584,0.238034188034,True,,,,,
A4_remove_hierarchical_pooling,3,167,31896,0.195584045584,0.496666666667,True,,,,,
A2_remove_industry_prior,3,168,31897,0.060455840456,0.224273504274,True,,,,,
A4_remove_hierarchical_pooling,3,168,31897,0.060455840456,0.35,True,,,,,
A2_remove_industry_prior,3,169,31898,0.098717948718,0.232820512821,True,,,,,
A4_remove_hierarchical_pooling,3,169,31898,0.098717948718,0.27,True,,,,,
A2_remove_industry_prior,3,170,31899,0.144729344729,0.224273504274,True,,,,,
A4_remove_hierarchical_pooling,3,170,31899,0.144729344729,0.386666666667,True,,,,,
A2_remove_industry_prior,3,171,31900,0.078547008547,0.178205128205,True,,,,,
A4_remove_hierarchical_pooling,3,171,31900,0.078547008547,0.27,True,,,,,
A2_remove_industry_prior,3,172,31901,0.121737891738,0.238034188034,True,,,,,
A4_remove_hierarchical_pooling,3,172,31901,0.121737891738,0.396666666667,True,,,,,
A2_remove_industry_prior,3,173,31902,0.111310541311,0.198632478632,True,,,,,
A4_remove_hierarchical_pooling,3,173,31902,0.111310541311,0.27,True,,,,,
A2_remove_industry_prior,3,174,31903,0.040883190883,0.138803418803,True,,,,,
A4_remove_hierarchical_pooling,3,174,31903,0.040883190883,0.45,True,,,,,
A2_remove_industry_prior,3,175,31904,0.188888888889,0.30641025641,True,,,,,
A4_remove_hierarchical_pooling,3,175,31904,0.188888888889,0.55,True,,,,,
A2_remove_industry_prior,3,176,31905,0.164472934473,0.263675213675,True,,,,,
A4_remove_hierarchical_pooling,3,176,31905,0.164472934473,0.396666666667,True,,,,,
A2_remove_industry_prior,3,177,31906,0.208632478632,0.255128205128,True,,,,,
A4_remove_hierarchical_pooling,3,177,31906,0.208632478632,0.396666666667,True,,,,,
A2_remove_industry_prior,3,178,31907,0.132905982906,0.178205128205,True,,,,,
A4_remove_hierarchical_pooling,3,178,31907,0.132905982906,0.28,True,,,,,
A2_remove_industry_prior,3,179,31908,0.116011396011,0.249914529915,True,,,,,
A4_remove_hierarchical_pooling,3,179,31908,0.116011396011,0.386666666667,True,,,,,
A2_remove_industry_prior,3,180,31909,0.12905982906,0.332051282051,True,,,,,
A4_remove_hierarchical_pooling,3,180,31909,0.12905982906,0.55,True,,,,,
A2_remove_industry_prior,3,181,31910,0.092022792023,0.208888888889,True,,,,,
A4_remove_hierarchical_pooling,3,181,31910,0.092022792023,0.27,True,,,,,
A2_remove_industry_prior,3,182,31911,0.038660968661,0.137179487179,True,,,,,
A4_remove_hierarchical_pooling,3,182,31911,0.038660968661,0.27,True,,,,,
A2_remove_industry_prior,3,183,31912,0.090541310541,0.137179487179,True,,,,,
A4_remove_hierarchical_pooling,3,183,31912,0.090541310541,0.28,True,,,,,
A2_remove_industry_prior,3,184,31913,0.172792022792,0.238034188034,True,,,,,
A4_remove_hierarchical_pooling,3,184,31913,0.172792022792,0.316666666667,True,,,,,
A2_remove_industry_prior,3,185,31914,0.13433048433,0.232820512821,True,,,,,
A4_remove_hierarchical_pooling,3,185,31914,0.13433048433,0.486666666667,True,,,,,
A2_remove_industry_prior,3,186,31915,0.062022792023,0.195299145299,True,,,,,
A4_remove_hierarchical_pooling,3,186,31915,0.062022792023,0.27,True,,,,,
A2_remove_industry_prior,3,187,31916,0.077492877493,0.044786324786,False,,,,,
A4_remove_hierarchical_pooling,3,187,31916,0.077492877493,0.45,True,,,,,
A2_remove_industry_prior,3,188,31917,0.088746438746,0.186752136752,True,,,,,
A4_remove_hierarchical_pooling,3,188,31917,0.088746438746,0.28,True,,,,,
A2_remove_industry_prior,3,189,31918,0.288404558405,0.340598290598,True,,,,,
A4_remove_hierarchical_pooling,3,189,31918,0.288404558405,0.73,True,,,,,
A2_remove_industry_prior,3,190,31919,0.079002849003,0.280769230769,True,,,,,
A4_remove_hierarchical_pooling,3,190,31919,0.079002849003,0.396666666667,True,,,,,
A2_remove_industry_prior,3,191,31920,0.144102564103,0.238034188034,True,,,,,
A4_remove_hierarchical_pooling,3,191,31920,0.144102564103,0.496666666667,True,,,,,
A2_remove_industry_prior,3,192,31921,0.061908831909,0.055042735043,False,,,,,
A4_remove_hierarchical_pooling,3,192,31921,0.061908831909,0.45,True,,,,,
A2_remove_industry_prior,3,193,31922,0.133105413105,0.352478632479,True,,,,,
A4_remove_hierarchical_pooling,3,193,31922,0.133105413105,0.386666666667,True,,,,,
A2_remove_industry_prior,3,194,31923,0.030911680912,0.215726495726,True,,,,,
A4_remove_hierarchical_pooling,3,194,31923,0.030911680912,0.35,True,,,,,
A2_remove_industry_prior,3,195,31924,0.065299145299,0.198632478632,True,,,,,
A4_remove_hierarchical_pooling,3,195,31924,0.065299145299,0.35,True,,,,,
A2_remove_industry_prior,3,196,31925,0.147578347578,0.289316239316,True,,,,,
A4_remove_hierarchical_pooling,3,196,31925,0.147578347578,0.396666666667,True,,,,,
A2_remove_industry_prior,3,197,31926,0.144102564103,0.297863247863,True,,,,,
A4_remove_hierarchical_pooling,3,197,31926,0.144102564103,0.496666666667,True,,,,,
A2_remove_industry_prior,3,198,31927,0.101339031339,0.224273504274,True,,,,,
A4_remove_hierarchical_pooling,3,198,31927,0.101339031339,0.27,True,,,,,
A2_remove_industry_prior,3,199,31928,0.147578347578,0.231196581197,True,,,,,
A4_remove_hierarchical_pooling,3,199,31928,0.147578347578,0.316666666667,True,,,,,
A2_remove_industry_prior,5,0,51729,0.095308641975,0.171851851852,True,,,,,
A4_remove_hierarchical_pooling,5,0,51729,0.095308641975,0.17,True,,,,,
A2_remove_industry_prior,5,1,51730,0.114567901235,0.183333333333,True,,,,,
A4_remove_hierarchical_pooling,5,1,51730,0.114567901235,0.28,True,,,,,
A2_remove_industry_prior,5,2,51731,0.218518518519,0.361111111111,True,,,,,
A4_remove_hierarchical_pooling,5,2,51731,0.218518518519,0.55,True,,,,,
A2_remove_industry_prior,5,3,51732,0.087407407407,0.161111111111,True,,,,,
A4_remove_hierarchical_pooling,5,3,51732,0.087407407407,0.28,True,,,,,
A2_remove_industry_prior,5,4,51733,0.143580246914,0.264814814815,True,,,,,
A4_remove_hierarchical_pooling,5,4,51733,0.143580246914,0.33,True,,,,,
A2_remove_industry_prior,5,5,51734,0.12962962963,0.238518518519,True,,,,,
A4_remove_hierarchical_pooling,5,5,51734,0.12962962963,0.27,True,,,,,
A2_remove_industry_prior,5,6,51735,0.066913580247,0.134814814815,True,,,,,
A4_remove_hierarchical_pooling,5,6,51735,0.066913580247,0.27,True,,,,,
A2_remove_industry_prior,5,7,51736,0.026543209877,0.105185185185,True,,,,,
A4_remove_hierarchical_pooling,5,7,51736,0.026543209877,0.27,True,,,,,
A2_remove_industry_prior,5,8,51737,0.083333333333,0.183333333333,True,,,,,
A4_remove_hierarchical_pooling,5,8,51737,0.083333333333,0.28,True,,,,,
A2_remove_industry_prior,5,9,51738,0.148518518519,0.25,True,,,,,
A4_remove_hierarchical_pooling,5,9,51738,0.148518518519,0.33,True,,,,,
A2_remove_industry_prior,5,10,51739,0.094691358025,0.231111111111,True,,,,,
A4_remove_hierarchical_pooling,5,10,51739,0.094691358025,0.27,True,,,,,
A2_remove_industry_prior,5,11,51740,0.037283950617,0.157037037037,True,,,,,
A4_remove_hierarchical_pooling,5,11,51740,0.037283950617,0.17,True,,,,,
A2_remove_industry_prior,5,12,51741,0.126543209877,0.053333333333,False,,,,,
A4_remove_hierarchical_pooling,5,12,51741,0.126543209877,0.45,True,,,,,
A2_remove_industry_prior,5,13,51742,0.125925925926,0.205555555556,True,,,,,
A4_remove_hierarchical_pooling,5,13,51742,0.125925925926,0.33,True,,,,,
A2_remove_industry_prior,5,14,51743,0.127407407407,0.297777777778,True,,,,,
A4_remove_hierarchical_pooling,5,14,51743,0.127407407407,0.32,True,,,,,
A2_remove_industry_prior,5,15,51744,0.116913580247,0.168518518519,True,,,,,
A4_remove_hierarchical_pooling,5,15,51744,0.116913580247,0.25,True,,,,,
A2_remove_industry_prior,5,16,51745,0.179012345679,0.238518518519,True,,,,,
A4_remove_hierarchical_pooling,5,16,51745,0.179012345679,0.32,True,,,,,
A2_remove_industry_prior,5,17,51746,0.125555555556,0.238518518519,True,,,,,
A4_remove_hierarchical_pooling,5,17,51746,0.125555555556,0.27,True,,,,,
A2_remove_industry_prior,5,18,51747,0.186172839506,0.235185185185,True,,,,,
A4_remove_hierarchical_pooling,5,18,51747,0.186172839506,0.43,True,,,,,
A2_remove_industry_prior,5,19,51748,0.221975308642,0.257407407407,True,,,,,
A4_remove_hierarchical_pooling,5,19,51748,0.221975308642,0.43,True,,,,,
A2_remove_industry_prior,5,20,51749,0.068271604938,0.238518518519,True,,,,,
A4_remove_hierarchical_pooling,5,20,51749,0.068271604938,0.35,True,,,,,
A2_remove_industry_prior,5,21,51750,0.163333333333,0.301851851852,True,,,,,
A4_remove_hierarchical_pooling,5,21,51750,0.163333333333,0.35,True,,,,,
A2_remove_industry_prior,5,22,51751,0.071851851852,0.231111111111,True,,,,,
A4_remove_hierarchical_pooling,5,22,51751,0.071851851852,0.17,True,,,,,
A2_remove_industry_prior,5,23,51752,0.103086419753,0.25,True,,,,,
A4_remove_hierarchical_pooling,5,23,51752,0.103086419753,0.25,True,,,,,
A2_remove_industry_prior,5,24,51753,0.044814814815,0.109259259259,True,,,,,
A4_remove_hierarchical_pooling,5,24,51753,0.044814814815,0.28,True,,,,,
A2_remove_industry_prior,5,25,51754,0.092592592593,0.272222222222,True,,,,,
A4_remove_hierarchical_pooling,5,25,51754,0.092592592593,0.15,True,,,,,
A2_remove_industry_prior,5,26,51755,0.17962962963,0.190740740741,True,,,,,
A4_remove_hierarchical_pooling,5,26,51755,0.17962962963,0.25,True,,,,,
A2_remove_industry_prior,5,27,51756,0.031851851852,0.075555555556,True,,,,,
A4_remove_hierarchical_pooling,5,27,51756,0.031851851852,0.45,True,,,,,
A2_remove_industry_prior,5,28,51757,0.088641975309,0.198148148148,True,,,,,
A4_remove_hierarchical_pooling,5,28,51757,0.088641975309,0.28,True,,,,,
A2_remove_industry_prior,5,29,51758,0.090740740741,0.25,True,,,,,
A4_remove_hierarchical_pooling,5,29,51758,0.090740740741,0.25,True,,,,,
A2_remove_industry_prior,5,30,51759,0.183333333333,0.183333333333,False,,,,,
A4_remove_hierarchical_pooling,5,30,51759,0.183333333333,0.25,True,,,,,
A2_remove_industry_prior,5,31,51760,0.171975308642,0.223703703704,True,,,,,
A4_remove_hierarchical_pooling,5,31,51760,0.171975308642,0.5,True,,,,,
A2_remove_industry_prior,5,32,51761,0.116049382716,0.127407407407,True,,,,,
A4_remove_hierarchical_pooling,5,32,51761,0.116049382716,0.45,True,,,,,
A2_remove_industry_prior,5,33,51762,0.156172839506,0.161111111111,True,,,,,
A4_remove_hierarchical_pooling,5,33,51762,0.156172839506,0.35,True,,,,,
A2_remove_industry_prior,5,34,51763,0.113950617284,0.257407407407,True,,,,,
A4_remove_hierarchical_pooling,5,34,51763,0.113950617284,0.33,True,,,,,
A2_remove_industry_prior,5,35,51764,0.136419753086,0.157037037037,True,,,,,
A4_remove_hierarchical_pooling,5,35,51764,0.136419753086,0.35,True,,,,,
A2_remove_industry_prior,5,36,51765,0.017037037037,0.109259259259,True,,,,,
A4_remove_hierarchical_pooling,5,36,51765,0.017037037037,0.1,True,,,,,
A2_remove_industry_prior,5,37,51766,0.152098765432,0.245925925926,True,,,,,
A4_remove_hierarchical_pooling,5,37,51766,0.152098765432,0.32,True,,,,,
A2_remove_industry_prior,5,38,51767,0.082098765432,0.09037037037,True,,,,,
A4_remove_hierarchical_pooling,5,38,51767,0.082098765432,0.35,True,,,,,
A2_remove_industry_prior,5,39,51768,0.095061728395,0.085555555556,False,,,,,
A4_remove_hierarchical_pooling,5,39,51768,0.095061728395,0.28,True,,,,,
A2_remove_industry_prior,5,40,51769,0.128024691358,0.068148148148,False,,,,,
A4_remove_hierarchical_pooling,5,40,51769,0.128024691358,0.27,True,,,,,
A2_remove_industry_prior,5,41,51770,0.062716049383,0.09037037037,True,,,,,
A4_remove_hierarchical_pooling,5,41,51770,0.062716049383,0.28,True,,,,,
A2_remove_industry_prior,5,42,51771,0.146543209877,0.179259259259,True,,,,,
A4_remove_hierarchical_pooling,5,42,51771,0.146543209877,0.27,True,,,,,
A2_remove_industry_prior,5,43,51772,0.062345679012,0.190740740741,True,,,,,
A4_remove_hierarchical_pooling,5,43,51772,0.062345679012,0.1,True,,,,,
A2_remove_industry_prior,5,44,51773,0.13,0.198148148148,True,,,,,
A4_remove_hierarchical_pooling,5,44,51773,0.13,0.33,True,,,,,
A2_remove_industry_prior,5,45,51774,0.057777777778,0.07962962963,True,,,,,
A4_remove_hierarchical_pooling,5,45,51774,0.057777777778,0.28,True,,,,,
A2_remove_industry_prior,5,46,51775,0.076790123457,0.198148148148,True,,,,,
A4_remove_hierarchical_pooling,5,46,51775,0.076790123457,0.17,True,,,,,
A2_remove_industry_prior,5,47,51776,0.062592592593,0.112592592593,True,,,,,
A4_remove_hierarchical_pooling,5,47,51776,0.062592592593,0.27,True,,,,,
A2_remove_industry_prior,5,48,51777,0.063333333333,0.094444444444,True,,,,,
A4_remove_hierarchical_pooling,5,48,51777,0.063333333333,0.18,True,,,,,
A2_remove_industry_prior,5,49,51778,0.10987654321,0.242592592593,True,,,,,
A4_remove_hierarchical_pooling,5,49,51778,0.10987654321,0.15,True,,,,,
A2_remove_industry_prior,5,50,51779,0.037037037037,0.127407407407,True,,,,,
A4_remove_hierarchical_pooling,5,50,51779,0.037037037037,0.27,True,,,,,
A2_remove_industry_prior,5,51,51780,0.112345679012,0.068148148148,False,,,,,
A4_remove_hierarchical_pooling,5,51,51780,0.112345679012,0.28,True,,,,,
A2_remove_industry_prior,5,52,51781,0.086049382716,0.068148148148,False,,,,,
A4_remove_hierarchical_pooling,5,52,51781,0.086049382716,0.45,True,,,,,
A2_remove_industry_prior,5,53,51782,0.153333333333,0.331481481481,True,,,,,
A4_remove_hierarchical_pooling,5,53,51782,0.153333333333,0.32,True,,,,,
A2_remove_industry_prior,5,54,51783,0.132716049383,0.212962962963,True,,,,,
A4_remove_hierarchical_pooling,5,54,51783,0.132716049383,0.25,True,,,,,
A2_remove_industry_prior,5,55,51784,0.090740740741,0.14962962963,True,,,,,
A4_remove_hierarchical_pooling,5,55,51784,0.090740740741,0.35,True,,,,,
A2_remove_industry_prior,5,56,51785,0.074691358025,0.171851851852,True,,,,,
A4_remove_hierarchical_pooling,5,56,51785,0.074691358025,0.1,True,,,,,
A2_remove_industry_prior,5,57,51786,0.067283950617,0.153703703704,True,,,,,
A4_remove_hierarchical_pooling,5,57,51786,0.067283950617,0.1,True,,,,,
A2_remove_industry_prior,5,58,51787,0.226543209877,0.309259259259,True,,,,,
A4_remove_hierarchical_pooling,5,58,51787,0.226543209877,0.45,True,,,,,
A2_remove_industry_prior,5,59,51788,0.147530864198,0.235185185185,True,,,,,
A4_remove_hierarchical_pooling,5,59,51788,0.147530864198,0.25,True,,,,,
A2_remove_industry_prior,5,60,51789,0.218518518519,0.294444444444,True,,,,,
A4_remove_hierarchical_pooling,5,60,51789,0.218518518519,0.45,True,,,,,
A2_remove_industry_prior,5,61,51790,0.042962962963,0.198148148148,True,,,,,
A4_remove_hierarchical_pooling,5,61,51790,0.042962962963,0.1,True,,,,,
A2_remove_industry_prior,5,62,51791,0.177160493827,0.253333333333,True,,,,,
A4_remove_hierarchical_pooling,5,62,51791,0.177160493827,0.5,True,,,,,
A2_remove_industry_prior,5,63,51792,0.101851851852,0.161111111111,True,,,,,
A4_remove_hierarchical_pooling,5,63,51792,0.101851851852,0.1,False,,,,,
A2_remove_industry_prior,5,64,51793,0.049382716049,0.212962962963,True,,,,,
A4_remove_hierarchical_pooling,5,64,51793,0.049382716049,0.25,True,,,,,
A2_remove_industry_prior,5,65,51794,0.144444444444,0.282962962963,True,,,,,
A4_remove_hierarchical_pooling,5,65,51794,0.144444444444,0.32,True,,,,,
A2_remove_industry_prior,5,66,51795,0.08975308642,0.223703703704,True,,,,,
A4_remove_hierarchical_pooling,5,66,51795,0.08975308642,0.27,True,,,,,
A2_remove_industry_prior,5,67,51796,0.083703703704,0.087037037037,True,,,,,
A4_remove_hierarchical_pooling,5,67,51796,0.083703703704,0.28,True,,,,,
A2_remove_industry_prior,5,68,51797,0.10987654321,0.242592592593,True,,,,,
A4_remove_hierarchical_pooling,5,68,51797,0.10987654321,0.25,True,,,,,
A2_remove_industry_prior,5,69,51798,0.168148148148,0.309259259259,True,,,,,
A4_remove_hierarchical_pooling,5,69,51798,0.168148148148,0.45,True,,,,,
A2_remove_industry_prior,5,70,51799,0.046049382716,0.253333333333,True,,,,,
A4_remove_hierarchical_pooling,5,70,51799,0.046049382716,0.17,True,,,,,
A2_remove_industry_prior,5,71,51800,0.091604938272,0.14962962963,True,,,,,
A4_remove_hierarchical_pooling,5,71,51800,0.091604938272,0.17,True,,,,,
A2_remove_industry_prior,5,72,51801,0.111728395062,0.208888888889,True,,,,,
A4_remove_hierarchical_pooling,5,72,51801,0.111728395062,0.1,False,,,,,
A2_remove_industry_prior,5,73,51802,0.072222222222,0.157037037037,True,,,,,
A4_remove_hierarchical_pooling,5,73,51802,0.072222222222,0.35,True,,,,,
A2_remove_industry_prior,5,74,51803,0.063950617284,0.146296296296,True,,,,,
A4_remove_hierarchical_pooling,5,74,51803,0.063950617284,0.28,True,,,,,
A2_remove_industry_prior,5,75,51804,0.206172839506,0.22037037037,True,,,,,
A4_remove_hierarchical_pooling,5,75,51804,0.206172839506,0.25,True,,,,,
A2_remove_industry_prior,5,76,51805,0.107160493827,0.072222222222,False,,,,,
A4_remove_hierarchical_pooling,5,76,51805,0.107160493827,0.28,True,,,,,
A2_remove_industry_prior,5,77,51806,0.081234567901,0.168518518519,True,,,,,
A4_remove_hierarchical_pooling,5,77,51806,0.081234567901,0.28,True,,,,,
A2_remove_industry_prior,5,78,51807,0.096913580247,0.201481481481,True,,,,,
A4_remove_hierarchical_pooling,5,78,51807,0.096913580247,0.1,True,,,,,
A2_remove_industry_prior,5,79,51808,0.074074074074,0.161111111111,True,,,,,
A4_remove_hierarchical_pooling,5,79,51808,0.074074074074,0.18,True,,,,,
A2_remove_industry_prior,5,80,51809,0.141358024691,0.242592592593,True,,,,,
A4_remove_hierarchical_pooling,5,80,51809,0.141358024691,0.35,True,,,,,
A2_remove_industry_prior,5,81,51810,0.141358024691,0.238518518519,True,,,,,
A4_remove_hierarchical_pooling,5,81,51810,0.141358024691,0.25,True,,,,,
A2_remove_industry_prior,5,82,51811,0.170987654321,0.242592592593,True,,,,,
A4_remove_hierarchical_pooling,5,82,51811,0.170987654321,0.25,True,,,,,
A2_remove_industry_prior,5,83,51812,0.08049382716,0.216296296296,True,,,,,
A4_remove_hierarchical_pooling,5,83,51812,0.08049382716,0.17,True,,,,,
A2_remove_industry_prior,5,84,51813,0.095679012346,0.138888888889,True,,,,,
A4_remove_hierarchical_pooling,5,84,51813,0.095679012346,0.1,True,,,,,
A2_remove_industry_prior,5,85,51814,0.11049382716,0.212962962963,True,,,,,
A4_remove_hierarchical_pooling,5,85,51814,0.11049382716,0.25,True,,,,,
A2_remove_industry_prior,5,86,51815,0.18950617284,0.22037037037,True,,,,,
A4_remove_hierarchical_pooling,5,86,51815,0.18950617284,0.25,True,,,,,
A2_remove_industry_prior,5,87,51816,0.045432098765,0.146296296296,True,,,,,
A4_remove_hierarchical_pooling,5,87,51816,0.045432098765,0.1,True,,,,,
A2_remove_industry_prior,5,88,51817,0.131728395062,0.105185185185,False,,,,,
A4_remove_hierarchical_pooling,5,88,51817,0.131728395062,0.45,True,,,,,
A2_remove_industry_prior,5,89,51818,0.129259259259,0.097777777778,False,,,,,
A4_remove_hierarchical_pooling,5,89,51818,0.129259259259,0.27,True,,,,,
A2_remove_industry_prior,5,90,51819,0.182098765432,0.287037037037,True,,,,,
A4_remove_hierarchical_pooling,5,90,51819,0.182098765432,0.45,True,,,,,
A2_remove_industry_prior,5,91,51820,0.115432098765,0.245925925926,True,,,,,
A4_remove_hierarchical_pooling,5,91,51820,0.115432098765,0.25,True,,,,,
A2_remove_industry_prior,5,92,51821,0.100617283951,0.153703703704,True,,,,,
A4_remove_hierarchical_pooling,5,92,51821,0.100617283951,0.1,False,,,,,
A2_remove_industry_prior,5,93,51822,0.073086419753,0.171851851852,True,,,,,
A4_remove_hierarchical_pooling,5,93,51822,0.073086419753,0.35,True,,,,,
A2_remove_industry_prior,5,94,51823,0.073456790123,0.14962962963,True,,,,,
A4_remove_hierarchical_pooling,5,94,51823,0.073456790123,0.1,True,,,,,
A2_remove_industry_prior,5,95,51824,0.196296296296,0.294444444444,True,,,,,
A4_remove_hierarchical_pooling,5,95,51824,0.196296296296,0.45,True,,,,,
A2_remove_industry_prior,5,96,51825,0.044197530864,0.109259259259,True,,,,,
A4_remove_hierarchical_pooling,5,96,51825,0.044197530864,0.28,True,,,,,
A2_remove_industry_prior,5,97,51826,0.144444444444,0.25,True,,,,,
A4_remove_hierarchical_pooling,5,97,51826,0.144444444444,0.33,True,,,,,
A2_remove_industry_prior,5,98,51827,0.128641975309,0.171851851852,True,,,,,
A4_remove_hierarchical_pooling,5,98,51827,0.128641975309,0.35,True,,,,,
A2_remove_industry_prior,5,99,51828,0.204938271605,0.212962962963,True,,,,,
A4_remove_hierarchical_pooling,5,99,51828,0.204938271605,0.15,False,,,,,
A2_remove_industry_prior,5,100,51829,0.086172839506,0.101851851852,True,,,,,
A4_remove_hierarchical_pooling,5,100,51829,0.086172839506,0.28,True,,,,,
A2_remove_industry_prior,5,101,51830,0.03,0.07962962963,True,,,,,
A4_remove_hierarchical_pooling,5,101,51830,0.03,0.28,True,,,,,
A2_remove_industry_prior,5,102,51831,0.253703703704,0.368518518519,True,,,,,
A4_remove_hierarchical_pooling,5,102,51831,0.253703703704,0.65,True,,,,,
A2_remove_industry_prior,5,103,51832,0.111975308642,0.235185185185,True,,,,,
A4_remove_hierarchical_pooling,5,103,51832,0.111975308642,0.25,True,,,,,
A2_remove_industry_prior,5,104,51833,0.16975308642,0.346296296296,True,,,,,
A4_remove_hierarchical_pooling,5,104,51833,0.16975308642,0.45,True,,,,,
A2_remove_industry_prior,5,105,51834,0.062345679012,0.168518518519,True,,,,,
A4_remove_hierarchical_pooling,5,105,51834,0.062345679012,0.18,True,,,,,
A2_remove_industry_prior,5,106,51835,0.242592592593,0.27962962963,True,,,,,
A4_remove_hierarchical_pooling,5,106,51835,0.242592592593,0.45,True,,,,,
A2_remove_industry_prior,5,107,51836,0.031851851852,0.190740740741,True,,,,,
A4_remove_hierarchical_pooling,5,107,51836,0.031851851852,0.18,True,,,,,
A2_remove_industry_prior,5,108,51837,0.07987654321,0.105185185185,True,,,,,
A4_remove_hierarchical_pooling,5,108,51837,0.07987654321,0.27,True,,,,,
A2_remove_industry_prior,5,109,51838,0.163580246914,0.22037037037,True,,,,,
A4_remove_hierarchical_pooling,5,109,51838,0.163580246914,0.28,True,,,,,
A2_remove_industry_prior,5,110,51839,0.035802469136,0.134814814815,True,,,,,
A4_remove_hierarchical_pooling,5,110,51839,0.035802469136,0.27,True,,,,,
A2_remove_industry_prior,5,111,51840,0.057654320988,0.124074074074,True,,,,,
A4_remove_hierarchical_pooling,5,111,51840,0.057654320988,0.1,True,,,,,
A2_remove_industry_prior,5,112,51841,0.214197530864,0.301851851852,True,,,,,
A4_remove_hierarchical_pooling,5,112,51841,0.214197530864,0.45,True,,,,,
A2_remove_industry_prior,5,113,51842,0.08987654321,0.05,False,,,,,
A4_remove_hierarchical_pooling,5,113,51842,0.08987654321,0.28,True,,,,,
A2_remove_industry_prior,5,114,51843,0.163580246914,0.264814814815,True,,,,,
A4_remove_hierarchical_pooling,5,114,51843,0.163580246914,0.25,True,,,,,
A2_remove_industry_prior,5,115,51844,0.078765432099,0.27962962963,True,,,,,
A4_remove_hierarchical_pooling,5,115,51844,0.078765432099,0.25,True,,,,,
A2_remove_industry_prior,5,116,51845,0.055308641975,0.168518518519,True,,,,,
A4_remove_hierarchical_pooling,5,116,51845,0.055308641975,0.28,True,,,,,
A2_remove_industry_prior,5,117,51846,0.036049382716,0.14962962963,True,,,,,
A4_remove_hierarchical_pooling,5,117,51846,0.036049382716,0.35,True,,,,,
A2_remove_industry_prior,5,118,51847,0.178148148148,0.198148148148,True,,,,,
A4_remove_hierarchical_pooling,5,118,51847,0.178148148148,0.33,True,,,,,
A2_remove_industry_prior,5,119,51848,0.262345679012,0.324074074074,True,,,,,
A4_remove_hierarchical_pooling,5,119,51848,0.262345679012,0.45,True,,,,,
A2_remove_industry_prior,5,120,51849,0.24012345679,0.272222222222,True,,,,,
A4_remove_hierarchical_pooling,5,120,51849,0.24012345679,0.45,True,,,,,
A2_remove_industry_prior,5,121,51850,0.084938271605,0.042592592593,False,,,,,
A4_remove_hierarchical_pooling,5,121,51850,0.084938271605,0.45,True,,,,,
A2_remove_industry_prior,5,122,51851,0.074691358025,0.105185185185,True,,,,,
A4_remove_hierarchical_pooling,5,122,51851,0.074691358025,0.35,True,,,,,
A2_remove_industry_prior,5,123,51852,0.093827160494,0.212962962963,True,,,,,
A4_remove_hierarchical_pooling,5,123,51852,0.093827160494,0.33,True,,,,,
A2_remove_industry_prior,5,124,51853,0.084567901235,0.105185185185,True,,,,,
A4_remove_hierarchical_pooling,5,124,51853,0.084567901235,0.35,True,,,,,
A2_remove_industry_prior,5,125,51854,0.153456790123,0.227777777778,True,,,,,
A4_remove_hierarchical_pooling,5,125,51854,0.153456790123,0.33,True,,,,,
A2_remove_industry_prior,5,126,51855,0.103950617284,0.227777777778,True,,,,,
A4_remove_hierarchical_pooling,5,126,51855,0.103950617284,0.32,True,,,,,
A2_remove_industry_prior,5,127,51856,0.122469135802,0.201481481481,True,,,,,
A4_remove_hierarchical_pooling,5,127,51856,0.122469135802,0.17,True,,,,,
A2_remove_industry_prior,5,128,51857,0.238888888889,0.316666666667,True,,,,,
A4_remove_hierarchical_pooling,5,128,51857,0.238888888889,0.45,True,,,,,
A2_remove_industry_prior,5,129,51858,0.063950617284,0.146296296296,True,,,,,
A4_remove_hierarchical_pooling,5,129,51858,0.063950617284,0.28,True,,,,,
A2_remove_industry_prior,5,130,51859,0.224691358025,0.264814814815,True,,,,,
A4_remove_hierarchical_pooling,5,130,51859,0.224691358025,0.35,True,,,,,
A2_remove_industry_prior,5,131,51860,0.112962962963,0.161111111111,True,,,,,
A4_remove_hierarchical_pooling,5,131,51860,0.112962962963,0.1,False,,,,,
A2_remove_industry_prior,5,132,51861,0.246913580247,0.29037037037,True,,,,,
A4_remove_hierarchical_pooling,5,132,51861,0.246913580247,0.52,True,,,,,
A2_remove_industry_prior,5,133,51862,0.015432098765,0.12,True,,,,,
A4_remove_hierarchical_pooling,5,133,51862,0.015432098765,0.27,True,,,,,
A2_remove_industry_prior,5,134,51863,0.133950617284,0.22037037037,True,,,,,
A4_remove_hierarchical_pooling,5,134,51863,0.133950617284,0.25,True,,,,,
A2_remove_industry_prior,5,135,51864,0.075308641975,0.164444444444,True,,,,,
A4_remove_hierarchical_pooling,5,135,51864,0.075308641975,0.27,True,,,,,
A2_remove_industry_prior,5,136,51865,0.04975308642,0.134814814815,True,,,,,
A4_remove_hierarchical_pooling,5,136,51865,0.04975308642,0.17,True,,,,,
A2_remove_industry_prior,5,137,51866,0.280617283951,0.309259259259,True,,,,,
A4_remove_hierarchical_pooling,5,137,51866,0.280617283951,0.73,True,,,,,
A2_remove_industry_prior,5,138,51867,0.073209876543,0.161111111111,True,,,,,
A4_remove_hierarchical_pooling,5,138,51867,0.073209876543,0.18,True,,,,,
A2_remove_industry_prior,5,139,51868,0.141975308642,0.301851851852,True,,,,,
A4_remove_hierarchical_pooling,5,139,51868,0.141975308642,0.32,True,,,,,
A2_remove_industry_prior,5,140,51869,0.079382716049,0.272222222222,True,,,,,
A4_remove_hierarchical_pooling,5,140,51869,0.079382716049,0.35,True,,,,,
A2_remove_industry_prior,5,141,51870,0.062962962963,0.045925925926,False,,,,,
A4_remove_hierarchical_pooling,5,141,51870,0.062962962963,0.45,True,,,,,
A2_remove_industry_prior,5,142,51871,0.131728395062,0.161111111111,True,,,,,
A4_remove_hierarchical_pooling,5,142,51871,0.131728395062,0.27,True,,,,,
A2_remove_industry_prior,5,143,51872,0.025061728395,0.161111111111,True,,,,,
A4_remove_hierarchical_pooling,5,143,51872,0.025061728395,0.18,True,,,,,
A2_remove_industry_prior,5,144,51873,0.114567901235,0.087037037037,False,,,,,
A4_remove_hierarchical_pooling,5,144,51873,0.114567901235,0.28,True,,,,,
A2_remove_industry_prior,5,145,51874,0.158271604938,0.216296296296,True,,,,,
A4_remove_hierarchical_pooling,5,145,51874,0.158271604938,0.17,True,,,,,
A2_remove_industry_prior,5,146,51875,0.168148148148,0.208888888889,True,,,,,
A4_remove_hierarchical_pooling,5,146,51875,0.168148148148,0.32,True,,,,,
A2_remove_industry_prior,5,147,51876,0.045432098765,0.072222222222,True,,,,,
A4_remove_hierarchical_pooling,5,147,51876,0.045432098765,0.28,True,,,,,
A2_remove_industry_prior,5,148,51877,0.080617283951,0.138888888889,True,,,,,
A4_remove_hierarchical_pooling,5,148,51877,0.080617283951,0.18,True,,,,,
A2_remove_industry_prior,5,149,51878,0.240740740741,0.294444444444,True,,,,,
A4_remove_hierarchical_pooling,5,149,51878,0.240740740741,0.35,True,,,,,
A2_remove_industry_prior,5,150,51879,0.084814814815,0.157037037037,True,,,,,
A4_remove_hierarchical_pooling,5,150,51879,0.084814814815,0.27,True,,,,,
A2_remove_industry_prior,5,151,51880,0.046666666667,0.07962962963,True,,,,,
A4_remove_hierarchical_pooling,5,151,51880,0.046666666667,0.28,True,,,,,
A2_remove_industry_prior,5,152,51881,0.048518518519,0.127407407407,True,,,,,
A4_remove_hierarchical_pooling,5,152,51881,0.048518518519,0.35,True,,,,,
A2_remove_industry_prior,5,153,51882,0.095061728395,0.153703703704,True,,,,,
A4_remove_hierarchical_pooling,5,153,51882,0.095061728395,0.1,True,,,,,
A2_remove_industry_prior,5,154,51883,0.112716049383,0.22037037037,True,,,,,
A4_remove_hierarchical_pooling,5,154,51883,0.112716049383,0.18,True,,,,,
A2_remove_industry_prior,5,155,51884,0.263209876543,0.379259259259,True,,,,,
A4_remove_hierarchical_pooling,5,155,51884,0.263209876543,0.72,True,,,,,
A2_remove_industry_prior,5,156,51885,0.126296296296,0.235185185185,True,,,,,
A4_remove_hierarchical_pooling,5,156,51885,0.126296296296,0.33,True,,,,,
A2_remove_industry_prior,5,157,51886,0.20987654321,0.309259259259,True,,,,,
A4_remove_hierarchical_pooling,5,157,51886,0.20987654321,0.35,True,,,,,
A2_remove_industry_prior,5,158,51887,0.054938271605,0.146296296296,True,,,,,
A4_remove_hierarchical_pooling,5,158,51887,0.054938271605,0.1,True,,,,,
A2_remove_industry_prior,5,159,51888,0.160864197531,0.212962962963,True,,,,,
A4_remove_hierarchical_pooling,5,159,51888,0.160864197531,0.33,True,,,,,
A2_remove_industry_prior,5,160,51889,0.151851851852,0.09037037037,False,,,,,
A4_remove_hierarchical_pooling,5,160,51889,0.151851851852,0.45,True,,,,,
A2_remove_industry_prior,5,161,51890,0.150987654321,0.227777777778,True,,,,,
A4_remove_hierarchical_pooling,5,161,51890,0.150987654321,0.33,True,,,,,
A2_remove_industry_prior,5,162,51891,0.068271604938,0.183333333333,True,,,,,
A4_remove_hierarchical_pooling,5,162,51891,0.068271604938,0.18,True,,,,,
A2_remove_industry_prior,5,163,51892,0.037037037037,0.171851851852,True,,,,,
A4_remove_hierarchical_pooling,5,163,51892,0.037037037037,0.27,True,,,,,
A2_remove_industry_prior,5,164,51893,0.113827160494,0.257407407407,True,,,,,
A4_remove_hierarchical_pooling,5,164,51893,0.113827160494,0.15,True,,,,,
A2_remove_industry_prior,5,165,51894,0.099382716049,0.168518518519,True,,,,,
A4_remove_hierarchical_pooling,5,165,51894,0.099382716049,0.1,True,,,,,
A2_remove_industry_prior,5,166,51895,0.14037037037,0.208888888889,True,,,,,
A4_remove_hierarchical_pooling,5,166,51895,0.14037037037,0.27,True,,,,,
A2_remove_industry_prior,5,167,51896,0.07987654321,0.212962962963,True,,,,,
A4_remove_hierarchical_pooling,5,167,51896,0.07987654321,0.25,True,,,,,
A2_remove_industry_prior,5,168,51897,0.059012345679,0.072222222222,True,,,,,
A4_remove_hierarchical_pooling,5,168,51897,0.059012345679,0.28,True,,,,,
A2_remove_industry_prior,5,169,51898,0.153703703704,0.272222222222,True,,,,,
A4_remove_hierarchical_pooling,5,169,51898,0.153703703704,0.25,True,,,,,
A2_remove_industry_prior,5,170,51899,0.101851851852,0.164444444444,True,,,,,
A4_remove_hierarchical_pooling,5,170,51899,0.101851851852,0.35,True,,,,,
A2_remove_industry_prior,5,171,51900,0.148518518519,0.168518518519,True,,,,,
A4_remove_hierarchical_pooling,5,171,51900,0.148518518519,0.18,True,,,,,
A2_remove_industry_prior,5,172,51901,0.153456790123,0.272222222222,True,,,,,
A4_remove_hierarchical_pooling,5,172,51901,0.153456790123,0.43,True,,,,,
A2_remove_industry_prior,5,173,51902,0.138888888889,0.134814814815,False,,,,,
A4_remove_hierarchical_pooling,5,173,51902,0.138888888889,0.1,False,,,,,
A2_remove_industry_prior,5,174,51903,0.095925925926,0.216296296296,True,,,,,
A4_remove_hierarchical_pooling,5,174,51903,0.095925925926,0.25,True,,,,,
A2_remove_industry_prior,5,175,51904,0.108024691358,0.097777777778,False,,,,,
A4_remove_hierarchical_pooling,5,175,51904,0.108024691358,0.35,True,,,,,
A2_remove_industry_prior,5,176,51905,0.075925925926,0.138888888889,True,,,,,
A4_remove_hierarchical_pooling,5,176,51905,0.075925925926,0.1,True,,,,,
A2_remove_industry_prior,5,177,51906,0.108395061728,0.042592592593,False,,,,,
A4_remove_hierarchical_pooling,5,177,51906,0.108395061728,0.28,True,,,,,
A2_remove_industry_prior,5,178,51907,0.177407407407,0.164444444444,False,,,,,
A4_remove_hierarchical_pooling,5,178,51907,0.177407407407,0.42,True,,,,,
A2_remove_industry_prior,5,179,51908,0.266913580247,0.309259259259,True,,,,,
A4_remove_hierarchical_pooling,5,179,51908,0.266913580247,0.35,True,,,,,
A2_remove_industry_prior,5,180,51909,0.096913580247,0.175925925926,True,,,,,
A4_remove_hierarchical_pooling,5,180,51909,0.096913580247,0.1,True,,,,,
A2_remove_industry_prior,5,181,51910,0.137407407407,0.25,True,,,,,
A4_remove_hierarchical_pooling,5,181,51910,0.137407407407,0.33,True,,,,,
A2_remove_industry_prior,5,182,51911,0.086049382716,0.097777777778,True,,,,,
A4_remove_hierarchical_pooling,5,182,51911,0.086049382716,0.45,True,,,,,
A2_remove_industry_prior,5,183,51912,0.146296296296,0.235185185185,True,,,,,
A4_remove_hierarchical_pooling,5,183,51912,0.146296296296,0.15,True,,,,,
A2_remove_industry_prior,5,184,51913,0.065679012346,0.127407407407,True,,,,,
A4_remove_hierarchical_pooling,5,184,51913,0.065679012346,0.35,True,,,,,
A2_remove_industry_prior,5,185,51914,0.068271604938,0.164444444444,True,,,,,
A4_remove_hierarchical_pooling,5,185,51914,0.068271604938,0.18,True,,,,,
A2_remove_industry_prior,5,186,51915,0.042962962963,0.075555555556,True,,,,,
A4_remove_hierarchical_pooling,5,186,51915,0.042962962963,0.28,True,,,,,
A2_remove_industry_prior,5,187,51916,0.086790123457,0.161111111111,True,,,,,
A4_remove_hierarchical_pooling,5,187,51916,0.086790123457,0.18,True,,,,,
A2_remove_industry_prior,5,188,51917,0.047530864198,0.142222222222,True,,,,,
A4_remove_hierarchical_pooling,5,188,51917,0.047530864198,0.35,True,,,,,
A2_remove_industry_prior,5,189,51918,0.148518518519,0.212962962963,True,,,,,
A4_remove_hierarchical_pooling,5,189,51918,0.148518518519,0.33,True,,,,,
A2_remove_industry_prior,5,190,51919,0.115802469136,0.116666666667,True,,,,,
A4_remove_hierarchical_pooling,5,190,51919,0.115802469136,0.28,True,,,,,
A2_remove_industry_prior,5,191,51920,0.07,0.175925925926,True,,,,,
A4_remove_hierarchical_pooling,5,191,51920,0.07,0.1,True,,,,,
A2_remove_industry_prior,5,192,51921,0.100864197531,0.201481481481,True,,,,,
A4_remove_hierarchical_pooling,5,192,51921,0.100864197531,0.27,True,,,,,
A2_remove_industry_prior,5,193,51922,0.036049382716,0.14962962963,True,,,,,
A4_remove_hierarchical_pooling,5,193,51922,0.036049382716,0.35,True,,,,,
A2_remove_industry_prior,5,194,51923,0.084938271605,0.101851851852,True,,,,,
A4_remove_hierarchical_pooling,5,194,51923,0.084938271605,0.28,True,,,,,
A2_remove_industry_prior,5,195,51924,0.076296296296,0.183333333333,True,,,,,
A4_remove_hierarchical_pooling,5,195,51924,0.076296296296,0.28,True,,,,,
A2_remove_industry_prior,5,196,51925,0.093456790123,0.153703703704,True,,,,,
A4_remove_hierarchical_pooling,5,196,51925,0.093456790123,0.27,True,,,,,
A2_remove_industry_prior,5,197,51926,0.096296296296,0.227777777778,True,,,,,
A4_remove_hierarchical_pooling,5,197,51926,0.096296296296,0.15,True,,,,,
A2_remove_industry_prior,5,198,51927,0.108395061728,0.138888888889,True,,,,,
A4_remove_hierarchical_pooling,5,198,51927,0.108395061728,0.28,True,,,,,
A2_remove_industry_prior,5,199,51928,0.07987654321,0.186666666667,True,,,,,
A4_remove_hierarchical_pooling,5,199,51928,0.07987654321,0.27,True,,,,,
A2_remove_industry_prior,10,0,101729,0.181018518519,0.236111111111,True,,,,,
A4_remove_hierarchical_pooling,10,0,101729,0.181018518519,0.33,True,,,,,
A2_remove_industry_prior,10,1,101730,0.120462962963,0.22,True,,,,,
A4_remove_hierarchical_pooling,10,1,101730,0.120462962963,0.22,True,,,,,
A2_remove_industry_prior,10,2,101731,0.050555555556,0.053333333333,True,,,,,
A4_remove_hierarchical_pooling,10,2,101731,0.050555555556,0.25,True,,,,,
A2_remove_industry_prior,10,3,101732,0.133888888889,0.203333333333,True,,,,,
A4_remove_hierarchical_pooling,10,3,101732,0.133888888889,0.22,True,,,,,
A2_remove_industry_prior,10,4,101733,0.060740740741,0.114444444444,True,,,,,
A4_remove_hierarchical_pooling,10,4,101733,0.060740740741,0.15,True,,,,,
A2_remove_industry_prior,10,5,101734,0.099074074074,0.119444444444,True,,,,,
A4_remove_hierarchical_pooling,10,5,101734,0.099074074074,0.15,True,,,,,
A2_remove_industry_prior,10,6,101735,0.139351851852,0.086666666667,False,,,,,
A4_remove_hierarchical_pooling,10,6,101735,0.139351851852,0.35,True,,,,,
A2_remove_industry_prior,10,7,101736,0.053148148148,0.125,True,,,,,
A4_remove_hierarchical_pooling,10,7,101736,0.053148148148,0.08,True,,,,,
A2_remove_industry_prior,10,8,101737,0.102407407407,0.164444444444,True,,,,,
A4_remove_hierarchical_pooling,10,8,101737,0.102407407407,0.22,True,,,,,
A2_remove_industry_prior,10,9,101738,0.148240740741,0.189444444444,True,,,,,
A4_remove_hierarchical_pooling,10,9,101738,0.148240740741,0.22,True,,,,,
A2_remove_industry_prior,10,10,101739,0.2125,0.325,True,,,,,
A4_remove_hierarchical_pooling,10,10,101739,0.2125,0.35,True,,,,,
A2_remove_industry_prior,10,11,101740,0.151296296296,0.213888888889,True,,,,,
A4_remove_hierarchical_pooling,10,11,101740,0.151296296296,0.23,True,,,,,
A2_remove_industry_prior,10,12,101741,0.079537037037,0.161111111111,True,,,,,
A4_remove_hierarchical_pooling,10,12,101741,0.079537037037,0.15,True,,,,,
A2_remove_industry_prior,10,13,101742,0.049537037037,0.153333333333,True,,,,,
A4_remove_hierarchical_pooling,10,13,101742,0.049537037037,0.17,True,,,,,
A2_remove_industry_prior,10,14,101743,0.116203703704,0.039444444444,False,,,,,
A4_remove_hierarchical_pooling,10,14,101743,0.116203703704,0.25,True,,,,,
A2_remove_industry_prior,10,15,101744,0.07,0.12,True,,,,,
A4_remove_hierarchical_pooling,10,15,101744,0.07,0.07,False,,,,,
A2_remove_industry_prior,10,16,101745,0.07537037037,0.175,True,,,,,
A4_remove_hierarchical_pooling,10,16,101745,0.07537037037,0.05,False,,,,,
A2_remove_industry_prior,10,17,101746,0.104166666667,0.092222222222,False,,,,,
A4_remove_hierarchical_pooling,10,17,101746,0.104166666667,0.35,True,,,,,
A2_remove_industry_prior,10,18,101747,0.263425925926,0.330555555556,True,,,,,
A4_remove_hierarchical_pooling,10,18,101747,0.263425925926,0.45,True,,,,,
A2_remove_industry_prior,10,19,101748,0.120833333333,0.175,True,,,,,
A4_remove_hierarchical_pooling,10,19,101748,0.120833333333,0.15,True,,,,,
A2_remove_industry_prior,10,20,101749,0.146296296296,0.128333333333,False,,,,,
A4_remove_hierarchical_pooling,10,20,101749,0.146296296296,0.15,True,,,,,
A2_remove_industry_prior,10,21,101750,0.15,0.233888888889,True,,,,,
A4_remove_hierarchical_pooling,10,21,101750,0.15,0.22,True,,,,,
A2_remove_industry_prior,10,22,101751,0.083888888889,0.130555555556,True,,,,,
A4_remove_hierarchical_pooling,10,22,101751,0.083888888889,0.12,True,,,,,
A2_remove_industry_prior,10,23,101752,0.147685185185,0.186111111111,True,,,,,
A4_remove_hierarchical_pooling,10,23,101752,0.147685185185,0.15,True,,,,,
A2_remove_industry_prior,10,24,101753,0.094537037037,0.12,True,,,,,
A4_remove_hierarchical_pooling,10,24,101753,0.094537037037,0.17,True,,,,,
A2_remove_industry_prior,10,25,101754,0.125555555556,0.156111111111,True,,,,,
A4_remove_hierarchical_pooling,10,25,101754,0.125555555556,0.27,True,,,,,
A2_remove_industry_prior,10,26,101755,0.073703703704,0.142222222222,True,,,,,
A4_remove_hierarchical_pooling,10,26,101755,0.073703703704,0.17,True,,,,,
A2_remove_industry_prior,10,27,101756,0.097222222222,0.183333333333,True,,,,,
A4_remove_hierarchical_pooling,10,27,101756,0.097222222222,0.22,True,,,,,
A2_remove_industry_prior,10,28,101757,0.095925925926,0.061111111111,False,,,,,
A4_remove_hierarchical_pooling,10,28,101757,0.095925925926,0.25,True,,,,,
A2_remove_industry_prior,10,29,101758,0.136666666667,0.27,True,,,,,
A4_remove_hierarchical_pooling,10,29,101758,0.136666666667,0.22,True,,,,,
A2_remove_industry_prior,10,30,101759,0.052407407407,0.114444444444,True,,,,,
A4_remove_hierarchical_pooling,10,30,101759,0.052407407407,0.17,True,,,,,
A2_remove_industry_prior,10,31,101760,0.152222222222,0.180555555556,True,,,,,
A4_remove_hierarchical_pooling,10,31,101760,0.152222222222,0.23,True,,,,,
A2_remove_industry_prior,10,32,101761,0.095,0.089444444444,False,,,,,
A4_remove_hierarchical_pooling,10,32,101761,0.095,0.25,True,,,,,
A2_remove_industry_prior,10,33,101762,0.131481481481,0.141666666667,True,,,,,
A4_remove_hierarchical_pooling,10,33,101762,0.131481481481,0.05,False,,,,,
A2_remove_industry_prior,10,34,101763,0.102222222222,0.130555555556,True,,,,,
A4_remove_hierarchical_pooling,10,34,101763,0.102222222222,0.13,True,,,,,
A2_remove_industry_prior,10,35,101764,0.158333333333,0.219444444444,True,,,,,
A4_remove_hierarchical_pooling,10,35,101764,0.158333333333,0.25,True,,,,,
A2_remove_industry_prior,10,36,101765,0.133888888889,0.203333333333,True,,,,,
A4_remove_hierarchical_pooling,10,36,101765,0.133888888889,0.22,True,,,,,
A2_remove_industry_prior,10,37,101766,0.121388888889,0.222222222222,True,,,,,
A4_remove_hierarchical_pooling,10,37,101766,0.121388888889,0.15,True,,,,,
A2_remove_industry_prior,10,38,101767,0.139351851852,0.036666666667,False,,,,,
A4_remove_hierarchical_pooling,10,38,101767,0.139351851852,0.35,True,,,,,
A2_remove_industry_prior,10,39,101768,0.099537037037,0.125,True,,,,,
A4_remove_hierarchical_pooling,10,39,101768,0.099537037037,0.25,True,,,,,
A2_remove_industry_prior,10,40,101769,0.169814814815,0.252777777778,True,,,,,
A4_remove_hierarchical_pooling,10,40,101769,0.169814814815,0.33,True,,,,,
A2_remove_industry_prior,10,41,101770,0.127407407407,0.214444444444,True,,,,,
A4_remove_hierarchical_pooling,10,41,101770,0.127407407407,0.17,True,,,,,
A2_remove_industry_prior,10,42,101771,0.218055555556,0.275555555556,True,,,,,
A4_remove_hierarchical_pooling,10,42,101771,0.218055555556,0.4,True,,,,,
A2_remove_industry_prior,10,43,101772,0.192592592593,0.258888888889,True,,,,,
A4_remove_hierarchical_pooling,10,43,101772,0.192592592593,0.32,True,,,,,
A2_remove_industry_prior,10,44,101773,0.04962962963,0.147777777778,True,,,,,
A4_remove_hierarchical_pooling,10,44,101773,0.04962962963,0.07,True,,,,,
A2_remove_industry_prior,10,45,101774,0.083240740741,0.050555555556,False,,,,,
A4_remove_hierarchical_pooling,10,45,101774,0.083240740741,0.25,True,,,,,
A2_remove_industry_prior,10,46,101775,0.078333333333,0.122777777778,True,,,,,
A4_remove_hierarchical_pooling,10,46,101775,0.078333333333,0.17,True,,,,,
A2_remove_industry_prior,10,47,101776,0.094444444444,0.166666666667,True,,,,,
A4_remove_hierarchical_pooling,10,47,101776,0.094444444444,0.15,True,,,,,
A2_remove_industry_prior,10,48,101777,0.070740740741,0.131111111111,True,,,,,
A4_remove_hierarchical_pooling,10,48,101777,0.070740740741,0.13,True,,,,,
A2_remove_industry_prior,10,49,101778,0.121296296296,0.077777777778,False,,,,,
A4_remove_hierarchical_pooling,10,49,101778,0.121296296296,0.25,True,,,,,
A2_remove_industry_prior,10,50,101779,0.098518518519,0.208888888889,True,,,,,
A4_remove_hierarchical_pooling,10,50,101779,0.098518518519,0.2,True,,,,,
A2_remove_industry_prior,10,51,101780,0.122685185185,0.136111111111,True,,,,,
A4_remove_hierarchical_pooling,10,51,101780,0.122685185185,0.25,True,,,,,
A2_remove_industry_prior,10,52,101781,0.116296296296,0.152777777778,True,,,,,
A4_remove_hierarchical_pooling,10,52,101781,0.116296296296,0.12,True,,,,,
A2_remove_industry_prior,10,53,101782,0.080092592593,0.031111111111,False,,,,,
A4_remove_hierarchical_pooling,10,53,101782,0.080092592593,0.25,True,,,,,
A2_remove_industry_prior,10,54,101783,0.159814814815,0.208888888889,True,,,,,
A4_remove_hierarchical_pooling,10,54,101783,0.159814814815,0.22,True,,,,,
A2_remove_industry_prior,10,55,101784,0.073148148148,0.119444444444,True,,,,,
A4_remove_hierarchical_pooling,10,55,101784,0.073148148148,0.05,False,,,,,
A2_remove_industry_prior,10,56,101785,0.16212962963,0.225555555556,True,,,,,
A4_remove_hierarchical_pooling,10,56,101785,0.16212962963,0.32,True,,,,,
A2_remove_industry_prior,10,57,101786,0.104259259259,0.125555555556,True,,,,,
A4_remove_hierarchical_pooling,10,57,101786,0.104259259259,0.07,False,,,,,
A2_remove_industry_prior,10,58,101787,0.098703703704,0.150555555556,True,,,,,
A4_remove_hierarchical_pooling,10,58,101787,0.098703703704,0.27,True,,,,,
A2_remove_industry_prior,10,59,101788,0.018055555556,0.108333333333,True,,,,,
A4_remove_hierarchical_pooling,10,59,101788,0.018055555556,0.08,True,,,,,
A2_remove_industry_prior,10,60,101789,0.072222222222,0.183333333333,True,,,,,
A4_remove_hierarchical_pooling,10,60,101789,0.072222222222,0.15,True,,,,,
A2_remove_industry_prior,10,61,101790,0.081018518519,0.136111111111,True,,,,,
A4_remove_hierarchical_pooling,10,61,101790,0.081018518519,0.05,False,,,,,
A2_remove_industry_prior,10,62,101791,0.173703703704,0.242222222222,True,,,,,
A4_remove_hierarchical_pooling,10,62,101791,0.173703703704,0.22,True,,,,,
A2_remove_industry_prior,10,63,101792,0.124537037037,0.1,False,,,,,
A4_remove_hierarchical_pooling,10,63,101792,0.124537037037,0.35,True,,,,,
A2_remove_industry_prior,10,64,101793,0.113333333333,0.241666666667,True,,,,,
A4_remove_hierarchical_pooling,10,64,101793,0.113333333333,0.23,True,,,,,
A2_remove_industry_prior,10,65,101794,0.076388888889,0.091666666667,True,,,,,
A4_remove_hierarchical_pooling,10,65,101794,0.076388888889,0.15,True,,,,,
A2_remove_industry_prior,10,66,101795,0.102407407407,0.092222222222,False,,,,,
A4_remove_hierarchical_pooling,10,66,101795,0.102407407407,0.27,True,,,,,
A2_remove_industry_prior,10,67,101796,0.08287037037,0.045,False,,,,,
A4_remove_hierarchical_pooling,10,67,101796,0.08287037037,0.25,True,,,,,
A2_remove_industry_prior,10,68,101797,0.161574074074,0.269444444444,True,,,,,
A4_remove_hierarchical_pooling,10,68,101797,0.161574074074,0.25,True,,,,,
A2_remove_industry_prior,10,69,101798,0.201481481481,0.308888888889,True,,,,,
A4_remove_hierarchical_pooling,10,69,101798,0.201481481481,0.32,True,,,,,
A2_remove_industry_prior,10,70,101799,0.100555555556,0.158333333333,True,,,,,
A4_remove_hierarchical_pooling,10,70,101799,0.100555555556,0.12,True,,,,,
A2_remove_industry_prior,10,71,101800,0.011203703704,0.081111111111,True,,,,,
A4_remove_hierarchical_pooling,10,71,101800,0.011203703704,0.07,True,,,,,
A2_remove_industry_prior,10,72,101801,0.086944444444,0.091666666667,True,,,,,
A4_remove_hierarchical_pooling,10,72,101801,0.086944444444,0.08,False,,,,,
A2_remove_industry_prior,10,73,101802,0.116574074074,0.222222222222,True,,,,,
A4_remove_hierarchical_pooling,10,73,101802,0.116574074074,0.23,True,,,,,
A2_remove_industry_prior,10,74,101803,0.062962962963,0.047777777778,False,,,,,
A4_remove_hierarchical_pooling,10,74,101803,0.062962962963,0.15,True,,,,,
A2_remove_industry_prior,10,75,101804,0.231481481481,0.302777777778,True,,,,,
A4_remove_hierarchical_pooling,10,75,101804,0.231481481481,0.35,True,,,,,
A2_remove_industry_prior,10,76,101805,0.097685185185,0.175,True,,,,,
A4_remove_hierarchical_pooling,10,76,101805,0.097685185185,0.2,True,,,,,
A2_remove_industry_prior,10,77,101806,0.15462962963,0.202777777778,True,,,,,
A4_remove_hierarchical_pooling,10,77,101806,0.15462962963,0.22,True,,,,,
A2_remove_industry_prior,10,78,101807,0.087592592593,0.175555555556,True,,,,,
A4_remove_hierarchical_pooling,10,78,101807,0.087592592593,0.12,True,,,,,
A2_remove_industry_prior,10,79,101808,0.114444444444,0.186666666667,True,,,,,
A4_remove_hierarchical_pooling,10,79,101808,0.114444444444,0.22,True,,,,,
A2_remove_industry_prior,10,80,101809,0.031018518519,0.136111111111,True,,,,,
A4_remove_hierarchical_pooling,10,80,101809,0.031018518519,0.08,True,,,,,
A2_remove_industry_prior,10,81,101810,0.120462962963,0.183333333333,True,,,,,
A4_remove_hierarchical_pooling,10,81,101810,0.120462962963,0.15,True,,,,,
A2_remove_industry_prior,10,82,101811,0.126851851852,0.161111111111,True,,,,,
A4_remove_hierarchical_pooling,10,82,101811,0.126851851852,0.15,True,,,,,
A2_remove_industry_prior,10,83,101812,0.048703703704,0.142222222222,True,,,,,
A4_remove_hierarchical_pooling,10,83,101812,0.048703703704,0.25,True,,,,,
A2_remove_industry_prior,10,84,101813,0.1425,0.166666666667,True,,,,,
A4_remove_hierarchical_pooling,10,84,101813,0.1425,0.23,True,,,,,
A2_remove_industry_prior,10,85,101814,0.102314814815,0.07,False,,,,,
A4_remove_hierarchical_pooling,10,85,101814,0.102314814815,0.25,True,,,,,
A2_remove_industry_prior,10,86,101815,0.047685185185,0.186111111111,True,,,,,
A4_remove_hierarchical_pooling,10,86,101815,0.047685185185,0.15,True,,,,,
A2_remove_industry_prior,10,87,101816,0.086574074074,0.089444444444,True,,,,,
A4_remove_hierarchical_pooling,10,87,101816,0.086574074074,0.25,True,,,,,
A2_remove_industry_prior,10,88,101817,0.129722222222,0.228333333333,True,,,,,
A4_remove_hierarchical_pooling,10,88,101817,0.129722222222,0.32,True,,,,,
A2_remove_industry_prior,10,89,101818,0.110185185185,0.241666666667,True,,,,,
A4_remove_hierarchical_pooling,10,89,101818,0.110185185185,0.25,True,,,,,
A2_remove_industry_prior,10,90,101819,0.114444444444,0.186666666667,True,,,,,
A4_remove_hierarchical_pooling,10,90,101819,0.114444444444,0.2,True,,,,,
A2_remove_industry_prior,10,91,101820,0.083888888889,0.131111111111,True,,,,,
A4_remove_hierarchical_pooling,10,91,101820,0.083888888889,0.17,True,,,,,
A2_remove_industry_prior,10,92,101821,0.09537037037,0.172222222222,True,,,,,
A4_remove_hierarchical_pooling,10,92,101821,0.09537037037,0.15,True,,,,,
A2_remove_industry_prior,10,93,101822,0.099444444444,0.046666666667,False,,,,,
A4_remove_hierarchical_pooling,10,93,101822,0.099444444444,0.28,True,,,,,
A2_remove_industry_prior,10,94,101823,0.097314814815,0.225555555556,True,,,,,
A4_remove_hierarchical_pooling,10,94,101823,0.097314814815,0.12,True,,,,,
A2_remove_industry_prior,10,95,101824,0.131018518519,0.108888888889,False,,,,,
A4_remove_hierarchical_pooling,10,95,101824,0.131018518519,0.35,True,,,,,
A2_remove_industry_prior,10,96,101825,0.214259259259,0.236111111111,True,,,,,
A4_remove_hierarchical_pooling,10,96,101825,0.214259259259,0.33,True,,,,,
A2_remove_industry_prior,10,97,101826,0.132407407407,0.094444444444,False,,,,,
A4_remove_hierarchical_pooling,10,97,101826,0.132407407407,0.1,False,,,,,
A2_remove_industry_prior,10,98,101827,0.127777777778,0.158333333333,True,,,,,
A4_remove_hierarchical_pooling,10,98,101827,0.127777777778,0.13,True,,,,,
A2_remove_industry_prior,10,99,101828,0.018518518519,0.163888888889,True,,,,,
A4_remove_hierarchical_pooling,10,99,101828,0.018518518519,0.05,True,,,,,
A2_remove_industry_prior,10,100,101829,0.096759259259,0.064444444444,False,,,,,
A4_remove_hierarchical_pooling,10,100,101829,0.096759259259,0.25,True,,,,,
A2_remove_industry_prior,10,101,101830,0.097685185185,0.094444444444,False,,,,,
A4_remove_hierarchical_pooling,10,101,101830,0.097685185185,0.18,True,,,,,
A2_remove_industry_prior,10,102,101831,0.04712962963,0.041111111111,False,,,,,
A4_remove_hierarchical_pooling,10,102,101831,0.04712962963,0.18,True,,,,,
A2_remove_industry_prior,10,103,101832,0.019537037037,0.114444444444,True,,,,,
A4_remove_hierarchical_pooling,10,103,101832,0.019537037037,0.17,True,,,,,
A2_remove_industry_prior,10,104,101833,0.087407407407,0.116111111111,True,,,,,
A4_remove_hierarchical_pooling,10,104,101833,0.087407407407,0.28,True,,,,,
A2_remove_industry_prior,10,105,101834,0.130185185185,0.181111111111,True,,,,,
A4_remove_hierarchical_pooling,10,105,101834,0.130185185185,0.12,False,,,,,
A2_remove_industry_prior,10,106,101835,0.046203703704,0.081111111111,True,,,,,
A4_remove_hierarchical_pooling,10,106,101835,0.046203703704,0.15,True,,,,,
A2_remove_industry_prior,10,107,101836,0.071851851852,0.130555555556,True,,,,,
A4_remove_hierarchical_pooling,10,107,101836,0.071851851852,0.05,False,,,,,
A2_remove_industry_prior,10,108,101837,0.173240740741,0.189444444444,True,,,,,
A4_remove_hierarchical_pooling,10,108,101837,0.173240740741,0.27,True,,,,,
A2_remove_industry_prior,10,109,101838,0.267222222222,0.313888888889,True,,,,,
A4_remove_hierarchical_pooling,10,109,101838,0.267222222222,0.42,True,,,,,
A2_remove_industry_prior,10,110,101839,0.079166666667,0.175,True,,,,,
A4_remove_hierarchical_pooling,10,110,101839,0.079166666667,0.13,True,,,,,
A2_remove_industry_prior,10,111,101840,0.033333333333,0.05,True,,,,,
A4_remove_hierarchical_pooling,10,111,101840,0.033333333333,0.18,True,,,,,
A2_remove_industry_prior,10,112,101841,0.069074074074,0.089444444444,True,,,,,
A4_remove_hierarchical_pooling,10,112,101841,0.069074074074,0.17,True,,,,,
A2_remove_industry_prior,10,113,101842,0.103611111111,0.102222222222,False,,,,,
A4_remove_hierarchical_pooling,10,113,101842,0.103611111111,0.18,True,,,,,
A2_remove_industry_prior,10,114,101843,0.113333333333,0.03,False,,,,,
A4_remove_hierarchical_pooling,10,114,101843,0.113333333333,0.35,True,,,,,
A2_remove_industry_prior,10,115,101844,0.095277777778,0.135555555556,True,,,,,
A4_remove_hierarchical_pooling,10,115,101844,0.095277777778,0.18,True,,,,,
A2_remove_industry_prior,10,116,101845,0.150925925926,0.081111111111,False,,,,,
A4_remove_hierarchical_pooling,10,116,101845,0.150925925926,0.35,True,,,,,
A2_remove_industry_prior,10,117,101846,0.146388888889,0.186666666667,True,,,,,
A4_remove_hierarchical_pooling,10,117,101846,0.146388888889,0.22,True,,,,,
A2_remove_industry_prior,10,118,101847,0.173611111111,0.1,False,,,,,
A4_remove_hierarchical_pooling,10,118,101847,0.173611111111,0.35,True,,,,,
A2_remove_industry_prior,10,119,101848,0.102222222222,0.036111111111,False,,,,,
A4_remove_hierarchical_pooling,10,119,101848,0.102222222222,0.25,True,,,,,
A2_remove_industry_prior,10,120,101849,0.099074074074,0.194444444444,True,,,,,
A4_remove_hierarchical_pooling,10,120,101849,0.099074074074,0.15,True,,,,,
A2_remove_industry_prior,10,121,101850,0.105555555556,0.183333333333,True,,,,,
A4_remove_hierarchical_pooling,10,121,101850,0.105555555556,0.15,True,,,,,
A2_remove_industry_prior,10,122,101851,0.213425925926,0.281111111111,True,,,,,
A4_remove_hierarchical_pooling,10,122,101851,0.213425925926,0.35,True,,,,,
A2_remove_industry_prior,10,123,101852,0.118518518519,0.113888888889,False,,,,,
A4_remove_hierarchical_pooling,10,123,101852,0.118518518519,0.18,True,,,,,
A2_remove_industry_prior,10,124,101853,0.028703703704,0.081111111111,True,,,,,
A4_remove_hierarchical_pooling,10,124,101853,0.028703703704,0.15,True,,,,,
A2_remove_industry_prior,10,125,101854,0.080925925926,0.135555555556,True,,,,,
A4_remove_hierarchical_pooling,10,125,101854,0.080925925926,0.18,True,,,,,
A2_remove_industry_prior,10,126,101855,0.081018518519,0.236111111111,True,,,,,
A4_remove_hierarchical_pooling,10,126,101855,0.081018518519,0.15,True,,,,,
A2_remove_industry_prior,10,127,101856,0.187962962963,0.277777777778,True,,,,,
A4_remove_hierarchical_pooling,10,127,101856,0.187962962963,0.35,True,,,,,
A2_remove_industry_prior,10,128,101857,0.084351851852,0.175555555556,True,,,,,
A4_remove_hierarchical_pooling,10,128,101857,0.084351851852,0.17,True,,,,,
A2_remove_industry_prior,10,129,101858,0.094814814815,0.118888888889,True,,,,,
A4_remove_hierarchical_pooling,10,129,101858,0.094814814815,0.18,True,,,,,
A2_remove_industry_prior,10,130,101859,0.117037037037,0.041111111111,False,,,,,
A4_remove_hierarchical_pooling,10,130,101859,0.117037037037,0.28,True,,,,,
A2_remove_industry_prior,10,131,101860,0.146296296296,0.258333333333,True,,,,,
A4_remove_hierarchical_pooling,10,131,101860,0.146296296296,0.25,True,,,,,
A2_remove_industry_prior,10,132,101861,0.043888888889,0.102777777778,True,,,,,
A4_remove_hierarchical_pooling,10,132,101861,0.043888888889,0.08,True,,,,,
A2_remove_industry_prior,10,133,101862,0.058425925926,0.191666666667,True,,,,,
A4_remove_hierarchical_pooling,10,133,101862,0.058425925926,0.05,False,,,,,
A2_remove_industry_prior,10,134,101863,0.057407407407,0.194444444444,True,,,,,
A4_remove_hierarchical_pooling,10,134,101863,0.057407407407,0.1,True,,,,,
A2_remove_industry_prior,10,135,101864,0.068055555556,0.145,True,,,,,
A4_remove_hierarchical_pooling,10,135,101864,0.068055555556,0.17,True,,,,,
A2_remove_industry_prior,10,136,101865,0.2,0.2,False,,,,,
A4_remove_hierarchical_pooling,10,136,101865,0.2,0.25,True,,,,,
A2_remove_industry_prior,10,137,101866,0.102222222222,0.094444444444,False,,,,,
A4_remove_hierarchical_pooling,10,137,101866,0.102222222222,0.18,True,,,,,
A2_remove_industry_prior,10,138,101867,0.028611111111,0.130555555556,True,,,,,
A4_remove_hierarchical_pooling,10,138,101867,0.028611111111,0.08,True,,,,,
A2_remove_industry_prior,10,139,101868,0.215277777778,0.291666666667,True,,,,,
A4_remove_hierarchical_pooling,10,139,101868,0.215277777778,0.35,True,,,,,
A2_remove_industry_prior,10,140,101869,0.134166666667,0.155,True,,,,,
A4_remove_hierarchical_pooling,10,140,101869,0.134166666667,0.28,True,,,,,
A2_remove_industry_prior,10,141,101870,0.159722222222,0.258333333333,True,,,,,
A4_remove_hierarchical_pooling,10,141,101870,0.159722222222,0.25,True,,,,,
A2_remove_industry_prior,10,142,101871,0.071851851852,0.131111111111,True,,,,,
A4_remove_hierarchical_pooling,10,142,101871,0.071851851852,0.07,False,,,,,
A2_remove_industry_prior,10,143,101872,0.063888888889,0.133333333333,True,,,,,
A4_remove_hierarchical_pooling,10,143,101872,0.063888888889,0.1,True,,,,,
A2_remove_industry_prior,10,144,101873,0.213333333333,0.169444444444,False,,,,,
A4_remove_hierarchical_pooling,10,144,101873,0.213333333333,0.23,True,,,,,
A2_remove_industry_prior,10,145,101874,0.081481481481,0.188888888889,True,,,,,
A4_remove_hierarchical_pooling,10,145,101874,0.081481481481,0.15,True,,,,,
A2_remove_industry_prior,10,146,101875,0.089814814815,0.138888888889,True,,,,,
A4_remove_hierarchical_pooling,10,146,101875,0.089814814815,0.1,True,,,,,
A2_remove_industry_prior,10,147,101876,0.180925925926,0.219444444444,True,,,,,
A4_remove_hierarchical_pooling,10,147,101876,0.180925925926,0.23,True,,,,,
A2_remove_industry_prior,10,148,101877,0.049907407407,0.083333333333,True,,,,,
A4_remove_hierarchical_pooling,10,148,101877,0.049907407407,0.18,True,,,,,
A2_remove_industry_prior,10,149,101878,0.148148148148,0.238888888889,True,,,,,
A4_remove_hierarchical_pooling,10,149,101878,0.148148148148,0.25,True,,,,,
A2_remove_industry_prior,10,150,101879,0.099444444444,0.044444444444,False,,,,,
A4_remove_hierarchical_pooling,10,150,101879,0.099444444444,0.18,True,,,,,
A2_remove_industry_prior,10,151,101880,0.144814814815,0.044444444444,False,,,,,
A4_remove_hierarchical_pooling,10,151,101880,0.144814814815,0.28,True,,,,,
A2_remove_industry_prior,10,152,101881,0.050925925926,0.155555555556,True,,,,,
A4_remove_hierarchical_pooling,10,152,101881,0.050925925926,0.1,True,,,,,
A2_remove_industry_prior,10,153,101882,0.079537037037,0.063333333333,False,,,,,
A4_remove_hierarchical_pooling,10,153,101882,0.079537037037,0.18,True,,,,,
A2_remove_industry_prior,10,154,101883,0.109259259259,0.105555555556,False,,,,,
A4_remove_hierarchical_pooling,10,154,101883,0.109259259259,0.35,True,,,,,
A2_remove_industry_prior,10,155,101884,0.104259259259,0.208333333333,True,,,,,
A4_remove_hierarchical_pooling,10,155,101884,0.104259259259,0.05,False,,,,,
A2_remove_industry_prior,10,156,101885,0.083703703704,0.158888888889,True,,,,,
A4_remove_hierarchical_pooling,10,156,101885,0.083703703704,0.15,True,,,,,
A2_remove_industry_prior,10,157,101886,0.050462962963,0.102777777778,True,,,,,
A4_remove_hierarchical_pooling,10,157,101886,0.050462962963,0.07,True,,,,,
A2_remove_industry_prior,10,158,101887,0.141111111111,0.155,True,,,,,
A4_remove_hierarchical_pooling,10,158,101887,0.141111111111,0.28,True,,,,,
A2_remove_industry_prior,10,159,101888,0.132407407407,0.225,True,,,,,
A4_remove_hierarchical_pooling,10,159,101888,0.132407407407,0.15,True,,,,,
A2_remove_industry_prior,10,160,101889,0.117962962963,0.247222222222,True,,,,,
A4_remove_hierarchical_pooling,10,160,101889,0.117962962963,0.23,True,,,,,
A2_remove_industry_prior,10,161,101890,0.144907407407,0.219444444444,True,,,,,
A4_remove_hierarchical_pooling,10,161,101890,0.144907407407,0.15,True,,,,,
A2_remove_industry_prior,10,162,101891,0.040185185185,0.097222222222,True,,,,,
A4_remove_hierarchical_pooling,10,162,101891,0.040185185185,0.08,True,,,,,
A2_remove_industry_prior,10,163,101892,0.051296296296,0.197222222222,True,,,,,
A4_remove_hierarchical_pooling,10,163,101892,0.051296296296,0.05,False,,,,,
A2_remove_industry_prior,10,164,101893,0.077222222222,0.018888888889,False,,,,,
A4_remove_hierarchical_pooling,10,164,101893,0.077222222222,0.18,True,,,,,
A2_remove_industry_prior,10,165,101894,0.133796296296,0.252777777778,True,,,,,
A4_remove_hierarchical_pooling,10,165,101894,0.133796296296,0.23,True,,,,,
A2_remove_industry_prior,10,166,101895,0.158888888889,0.203333333333,True,,,,,
A4_remove_hierarchical_pooling,10,166,101895,0.158888888889,0.22,True,,,,,
A2_remove_industry_prior,10,167,101896,0.00462962963,0.102777777778,True,,,,,
A4_remove_hierarchical_pooling,10,167,101896,0.00462962963,0.08,True,,,,,
A2_remove_industry_prior,10,168,101897,0.074166666667,0.192222222222,True,,,,,
A4_remove_hierarchical_pooling,10,168,101897,0.074166666667,0.17,True,,,,,
A2_remove_industry_prior,10,169,101898,0.071759259259,0.106111111111,True,,,,,
A4_remove_hierarchical_pooling,10,169,101898,0.071759259259,0.1,True,,,,,
A2_remove_industry_prior,10,170,101899,0.09037037037,0.108888888889,True,,,,,
A4_remove_hierarchical_pooling,10,170,101899,0.09037037037,0.17,True,,,,,
A2_remove_industry_prior,10,171,101900,0.110740740741,0.164444444444,True,,,,,
A4_remove_hierarchical_pooling,10,171,101900,0.110740740741,0.07,False,,,,,
A2_remove_industry_prior,10,172,101901,0.089351851852,0.094444444444,True,,,,,
A4_remove_hierarchical_pooling,10,172,101901,0.089351851852,0.18,True,,,,,
A2_remove_industry_prior,10,173,101902,0.146666666667,0.18,True,,,,,
A4_remove_hierarchical_pooling,10,173,101902,0.146666666667,0.23,True,,,,,
A2_remove_industry_prior,10,174,101903,0.042222222222,0.153333333333,True,,,,,
A4_remove_hierarchical_pooling,10,174,101903,0.042222222222,0.07,True,,,,,
A2_remove_industry_prior,10,175,101904,0.175,0.25,True,,,,,
A4_remove_hierarchical_pooling,10,175,101904,0.175,0.25,True,,,,,
A2_remove_industry_prior,10,176,101905,0.078703703704,0.122222222222,True,,,,,
A4_remove_hierarchical_pooling,10,176,101905,0.078703703704,0.1,True,,,,,
A2_remove_industry_prior,10,177,101906,0.090648148148,0.205555555556,True,,,,,
A4_remove_hierarchical_pooling,10,177,101906,0.090648148148,0.15,True,,,,,
A2_remove_industry_prior,10,178,101907,0.119537037037,0.167222222222,True,,,,,
A4_remove_hierarchical_pooling,10,178,101907,0.119537037037,0.17,True,,,,,
A2_remove_industry_prior,10,179,101908,0.147777777778,0.161666666667,True,,,,,
A4_remove_hierarchical_pooling,10,179,101908,0.147777777778,0.27,True,,,,,
A2_remove_industry_prior,10,180,101909,0.107037037037,0.242222222222,True,,,,,
A4_remove_hierarchical_pooling,10,180,101909,0.107037037037,0.17,True,,,,,
A2_remove_industry_prior,10,181,101910,0.133425925926,0.164444444444,True,,,,,
A4_remove_hierarchical_pooling,10,181,101910,0.133425925926,0.22,True,,,,,
A2_remove_industry_prior,10,182,101911,0.093611111111,0.125,True,,,,,
A4_remove_hierarchical_pooling,10,182,101911,0.093611111111,0.17,True,,,,,
A2_remove_industry_prior,10,183,101912,0.112962962963,0.252777777778,True,,,,,
A4_remove_hierarchical_pooling,10,183,101912,0.112962962963,0.15,True,,,,,
A2_remove_industry_prior,10,184,101913,0.110185185185,0.161111111111,True,,,,,
A4_remove_hierarchical_pooling,10,184,101913,0.110185185185,0.23,True,,,,,
A2_remove_industry_prior,10,185,101914,0.106944444444,0.045,False,,,,,
A4_remove_hierarchical_pooling,10,185,101914,0.106944444444,0.25,True,,,,,
A2_remove_industry_prior,10,186,101915,0.086666666667,0.17,True,,,,,
A4_remove_hierarchical_pooling,10,186,101915,0.086666666667,0.12,True,,,,,
A2_remove_industry_prior,10,187,101916,0.107962962963,0.097777777778,False,,,,,
A4_remove_hierarchical_pooling,10,187,101916,0.107962962963,0.27,True,,,,,
A2_remove_industry_prior,10,188,101917,0.228703703704,0.286111111111,True,,,,,
A4_remove_hierarchical_pooling,10,188,101917,0.228703703704,0.35,True,,,,,
A2_remove_industry_prior,10,189,101918,0.032962962963,0.108888888889,True,,,,,
A4_remove_hierarchical_pooling,10,189,101918,0.032962962963,0.15,True,,,,,
A2_remove_industry_prior,10,190,101919,0.107777777778,0.133333333333,True,,,,,
A4_remove_hierarchical_pooling,10,190,101919,0.107777777778,0.18,True,,,,,
A2_remove_industry_prior,10,191,101920,0.042592592593,0.128333333333,True,,,,,
A4_remove_hierarchical_pooling,10,191,101920,0.042592592593,0.17,True,,,,,
A2_remove_industry_prior,10,192,101921,0.063888888889,0.152777777778,True,,,,,
A4_remove_hierarchical_pooling,10,192,101921,0.063888888889,0.08,True,,,,,
A2_remove_industry_prior,10,193,101922,0.177314814815,0.266666666667,True,,,,,
A4_remove_hierarchical_pooling,10,193,101922,0.177314814815,0.25,True,,,,,
A2_remove_industry_prior,10,194,101923,0.122222222222,0.225,True,,,,,
A4_remove_hierarchical_pooling,10,194,101923,0.122222222222,0.15,True,,,,,
A2_remove_industry_prior,10,195,101924,0.266574074074,0.268888888889,True,,,,,
A4_remove_hierarchical_pooling,10,195,101924,0.266574074074,0.43,True,,,,,
A2_remove_industry_prior,10,196,101925,0.052407407407,0.114444444444,True,,,,,
A4_remove_hierarchical_pooling,10,196,101925,0.052407407407,0.15,True,,,,,
A2_remove_industry_prior,10,197,101926,0.061111111111,0.064444444444,True,,,,,
A4_remove_hierarchical_pooling,10,197,101926,0.061111111111,0.15,True,,,,,
A2_remove_industry_prior,10,198,101927,0.140740740741,0.225,True,,,,,
A4_remove_hierarchical_pooling,10,198,101927,0.140740740741,0.15,True,,,,,
A2_remove_industry_prior,10,199,101928,0.110555555556,0.180555555556,True,,,,,
A4_remove_hierarchical_pooling,10,199,101928,0.110555555556,0.13,True,,,,,
A2_remove_industry_prior,20,0,201729,0.054567901235,0.044074074074,False,,,,,
A4_remove_hierarchical_pooling,20,0,201729,0.054567901235,0.1,True,,,,,
A2_remove_industry_prior,20,1,201730,0.10987654321,0.112592592593,True,,,,,
A4_remove_hierarchical_pooling,20,1,201730,0.10987654321,0.2,True,,,,,
A2_remove_industry_prior,20,2,201731,0.036172839506,0.090740740741,True,,,,,
A4_remove_hierarchical_pooling,20,2,201731,0.036172839506,0.08,True,,,,,
A2_remove_industry_prior,20,3,201732,0.086728395062,0.037037037037,False,,,,,
A4_remove_hierarchical_pooling,20,3,201732,0.086728395062,0.2,True,,,,,
A2_remove_industry_prior,20,4,201733,0.067654320988,0.039259259259,False,,,,,
A4_remove_hierarchical_pooling,20,4,201733,0.067654320988,0.15,True,,,,,
A2_remove_industry_prior,20,5,201734,0.045432098765,0.07037037037,True,,,,,
A4_remove_hierarchical_pooling,20,5,201734,0.045432098765,0.08,True,,,,,
A2_remove_industry_prior,20,6,201735,0.059012345679,0.104074074074,True,,,,,
A4_remove_hierarchical_pooling,20,6,201735,0.059012345679,0.08,True,,,,,
A2_remove_industry_prior,20,7,201736,0.036172839506,0.022592592593,False,,,,,
A4_remove_hierarchical_pooling,20,7,201736,0.036172839506,0.1,True,,,,,
A2_remove_industry_prior,20,8,201737,0.073827160494,0.044814814815,False,,,,,
A4_remove_hierarchical_pooling,20,8,201737,0.073827160494,0.13,True,,,,,
A2_remove_industry_prior,20,9,201738,0.066419753086,0.12962962963,True,,,,,
A4_remove_hierarchical_pooling,20,9,201738,0.066419753086,0.08,True,,,,,
A2_remove_industry_prior,20,10,201739,0.171913580247,0.227407407407,True,,,,,
A4_remove_hierarchical_pooling,20,10,201739,0.171913580247,0.22,True,,,,,
A2_remove_industry_prior,20,11,201740,0.158395061728,0.203703703704,True,,,,,
A4_remove_hierarchical_pooling,20,11,201740,0.158395061728,0.18,True,,,,,
A2_remove_industry_prior,20,12,201741,0.086419753086,0.048518518519,False,,,,,
A4_remove_hierarchical_pooling,20,12,201741,0.086419753086,0.15,True,,,,,
A2_remove_industry_prior,20,13,201742,0.133086419753,0.196296296296,True,,,,,
A4_remove_hierarchical_pooling,20,13,201742,0.133086419753,0.18,True,,,,,
A2_remove_industry_prior,20,14,201743,0.062592592593,0.075555555556,True,,,,,
A4_remove_hierarchical_pooling,20,14,201743,0.062592592593,0.07,True,,,,,
A2_remove_industry_prior,20,15,201744,0.125679012346,0.120740740741,False,,,,,
A4_remove_hierarchical_pooling,20,15,201744,0.125679012346,0.23,True,,,,,
A2_remove_industry_prior,20,16,201745,0.08462962963,0.074444444444,False,,,,,
A4_remove_hierarchical_pooling,20,16,201745,0.08462962963,0.13,True,,,,,
A2_remove_industry_prior,20,17,201746,0.043209876543,0.109259259259,True,,,,,
A4_remove_hierarchical_pooling,20,17,201746,0.043209876543,0.07,True,,,,,
A2_remove_industry_prior,20,18,201747,0.063888888889,0.012962962963,False,,,,,
A4_remove_hierarchical_pooling,20,18,201747,0.063888888889,0.1,True,,,,,
A2_remove_industry_prior,20,19,201748,0.095740740741,0.187037037037,True,,,,,
A4_remove_hierarchical_pooling,20,19,201748,0.095740740741,0.13,True,,,,,
A2_remove_industry_prior,20,20,201749,0.032160493827,0.090740740741,True,,,,,
A4_remove_hierarchical_pooling,20,20,201749,0.032160493827,0.08,True,,,,,
A2_remove_industry_prior,20,21,201750,0.129567901235,0.134814814815,True,,,,,
A4_remove_hierarchical_pooling,20,21,201750,0.129567901235,0.17,True,,,,,
A2_remove_industry_prior,20,22,201751,0.079938271605,0.12962962963,True,,,,,
A4_remove_hierarchical_pooling,20,22,201751,0.079938271605,0.08,True,,,,,
A2_remove_industry_prior,20,23,201752,0.099012345679,0.107037037037,True,,,,,
A4_remove_hierarchical_pooling,20,23,201752,0.099012345679,0.12,True,,,,,
A2_remove_industry_prior,20,24,201753,0.102716049383,0.032962962963,False,,,,,
A4_remove_hierarchical_pooling,20,24,201753,0.102716049383,0.15,True,,,,,
A2_remove_industry_prior,20,25,201754,0.069444444444,0.092222222222,True,,,,,
A4_remove_hierarchical_pooling,20,25,201754,0.069444444444,0.12,True,,,,,
A2_remove_industry_prior,20,26,201755,0.081851851852,0.107777777778,True,,,,,
A4_remove_hierarchical_pooling,20,26,201755,0.081851851852,0.18,True,,,,,
A2_remove_industry_prior,20,27,201756,0.067283950617,0.096296296296,True,,,,,
A4_remove_hierarchical_pooling,20,27,201756,0.067283950617,0.03,False,,,,,
A2_remove_industry_prior,20,28,201757,0.083333333333,0.083333333333,False,,,,,
A4_remove_hierarchical_pooling,20,28,201757,0.083333333333,0.1,True,,,,,
A2_remove_industry_prior,20,29,201758,0.053950617284,0.058888888889,True,,,,,
A4_remove_hierarchical_pooling,20,29,201758,0.053950617284,0.12,True,,,,,
A2_remove_industry_prior,20,30,201759,0.112962962963,0.161111111111,True,,,,,
A4_remove_hierarchical_pooling,20,30,201759,0.112962962963,0.15,True,,,,,
A2_remove_industry_prior,20,31,201760,0.116296296296,0.131111111111,True,,,,,
A4_remove_hierarchical_pooling,20,31,201760,0.116296296296,0.17,True,,,,,
A2_remove_industry_prior,20,32,201761,0.133580246914,0.177777777778,True,,,,,
A4_remove_hierarchical_pooling,20,32,201761,0.133580246914,0.12,False,,,,,
A2_remove_industry_prior,20,33,201762,0.151851851852,0.101481481481,False,,,,,
A4_remove_hierarchical_pooling,20,33,201762,0.151851851852,0.25,True,,,,,
A2_remove_industry_prior,20,34,201763,0.07462962963,0.138518518519,True,,,,,
A4_remove_hierarchical_pooling,20,34,201763,0.07462962963,0.17,True,,,,,
A2_remove_industry_prior,20,35,201764,0.037716049383,0.096296296296,True,,,,,
A4_remove_hierarchical_pooling,20,35,201764,0.037716049383,0.08,True,,,,,
A2_remove_industry_prior,20,36,201765,0.155308641975,0.089259259259,False,,,,,
A4_remove_hierarchical_pooling,20,36,201765,0.155308641975,0.18,True,,,,,
A2_remove_industry_prior,20,37,201766,0.201790123457,0.277407407407,True,,,,,
A4_remove_hierarchical_pooling,20,37,201766,0.201790123457,0.27,True,,,,,
A2_remove_industry_prior,20,38,201767,0.161358024691,0.234814814815,True,,,,,
A4_remove_hierarchical_pooling,20,38,201767,0.161358024691,0.22,True,,,,,
A2_remove_industry_prior,20,39,201768,0.061728395062,0.087037037037,True,,,,,
A4_remove_hierarchical_pooling,20,39,201768,0.061728395062,0.1,True,,,,,
A2_remove_industry_prior,20,40,201769,0.109259259259,0.072222222222,False,,,,,
A4_remove_hierarchical_pooling,20,40,201769,0.109259259259,0.2,True,,,,,
A2_remove_industry_prior,20,41,201770,0.093271604938,0.104074074074,True,,,,,
A4_remove_hierarchical_pooling,20,41,201770,0.093271604938,0.13,True,,,,,
A2_remove_industry_prior,20,42,201771,0.067901234568,0.090740740741,True,,,,,
A4_remove_hierarchical_pooling,20,42,201771,0.067901234568,0.05,False,,,,,
A2_remove_industry_prior,20,43,201772,0.077777777778,0.116666666667,True,,,,,
A4_remove_hierarchical_pooling,20,43,201772,0.077777777778,0.1,True,,,,,
A2_remove_industry_prior,20,44,201773,0.057716049383,0.058888888889,True,,,,,
A4_remove_hierarchical_pooling,20,44,201773,0.057716049383,0.1,True,,,,,
A2_remove_industry_prior,20,45,201774,0.058395061728,0.062962962963,True,,,,,
A4_remove_hierarchical_pooling,20,45,201774,0.058395061728,0.13,True,,,,,
A2_remove_industry_prior,20,46,201775,0.048518518519,0.108888888889,True,,,,,
A4_remove_hierarchical_pooling,20,46,201775,0.048518518519,0.05,True,,,,,
A2_remove_industry_prior,20,47,201776,0.145987654321,0.225925925926,True,,,,,
A4_remove_hierarchical_pooling,20,47,201776,0.145987654321,0.2,True,,,,,
A2_remove_industry_prior,20,48,201777,0.086666666667,0.047777777778,False,,,,,
A4_remove_hierarchical_pooling,20,48,201777,0.086666666667,0.12,True,,,,,
A2_remove_industry_prior,20,49,201778,0.069814814815,0.103703703704,True,,,,,
A4_remove_hierarchical_pooling,20,49,201778,0.069814814815,0.08,True,,,,,
A2_remove_industry_prior,20,50,201779,0.11450617284,0.04962962963,False,,,,,
A4_remove_hierarchical_pooling,20,50,201779,0.11450617284,0.2,True,,,,,
A2_remove_industry_prior,20,51,201780,0.087901234568,0.121851851852,True,,,,,
A4_remove_hierarchical_pooling,20,51,201780,0.087901234568,0.12,True,,,,,
A2_remove_industry_prior,20,52,201781,0.01487654321,0.07037037037,True,,,,,
A4_remove_hierarchical_pooling,20,52,201781,0.01487654321,0.05,True,,,,,
A2_remove_industry_prior,20,53,201782,0.018518518519,0.066666666667,True,,,,,
A4_remove_hierarchical_pooling,20,53,201782,0.018518518519,0.08,True,,,,,
A2_remove_industry_prior,20,54,201783,0.174320987654,0.245925925926,True,,,,,
A4_remove_hierarchical_pooling,20,54,201783,0.174320987654,0.22,True,,,,,
A2_remove_industry_prior,20,55,201784,0.067530864198,0.071851851852,True,,,,,
A4_remove_hierarchical_pooling,20,55,201784,0.067530864198,0.07,True,,,,,
A2_remove_industry_prior,20,56,201785,0.121296296296,0.107037037037,False,,,,,
A4_remove_hierarchical_pooling,20,56,201785,0.121296296296,0.25,True,,,,,
A2_remove_industry_prior,20,57,201786,0.06549382716,0.048518518519,False,,,,,
A4_remove_hierarchical_pooling,20,57,201786,0.06549382716,0.13,True,,,,,
A2_remove_industry_prior,20,58,201787,0.079938271605,0.146296296296,True,,,,,
A4_remove_hierarchical_pooling,20,58,201787,0.079938271605,0.1,True,,,,,
A2_remove_industry_prior,20,59,201788,0.06950617284,0.094444444444,True,,,,,
A4_remove_hierarchical_pooling,20,59,201788,0.06950617284,0.13,True,,,,,
A2_remove_industry_prior,20,60,201789,0.179012345679,0.190740740741,True,,,,,
A4_remove_hierarchical_pooling,20,60,201789,0.179012345679,0.2,True,,,,,
A2_remove_industry_prior,20,61,201790,0.08450617284,0.112592592593,True,,,,,
A4_remove_hierarchical_pooling,20,61,201790,0.08450617284,0.12,True,,,,,
A2_remove_industry_prior,20,62,201791,0.041358024691,0.038518518519,False,,,,,
A4_remove_hierarchical_pooling,20,62,201791,0.041358024691,0.1,True,,,,,
A2_remove_industry_prior,20,63,201792,0.118888888889,0.140740740741,True,,,,,
A4_remove_hierarchical_pooling,20,63,201792,0.118888888889,0.13,True,,,,,
A2_remove_industry_prior,20,64,201793,0.008333333333,0.096296296296,True,,,,,
A4_remove_hierarchical_pooling,20,64,201793,0.008333333333,0.03,True,,,,,
A2_remove_industry_prior,20,65,201794,0.058024691358,0.05962962963,True,,,,,
A4_remove_hierarchical_pooling,20,65,201794,0.058024691358,0.1,True,,,,,
A2_remove_industry_prior,20,66,201795,0.119444444444,0.166666666667,True,,,,,
A4_remove_hierarchical_pooling,20,66,201795,0.119444444444,0.15,True,,,,,
A2_remove_industry_prior,20,67,201796,0.086419753086,0.135185185185,True,,,,,
A4_remove_hierarchical_pooling,20,67,201796,0.086419753086,0.1,True,,,,,
A2_remove_industry_prior,20,68,201797,0.039567901235,0.116666666667,True,,,,,
A4_remove_hierarchical_pooling,20,68,201797,0.039567901235,0.08,True,,,,,
A2_remove_industry_prior,20,69,201798,0.182654320988,0.229259259259,True,,,,,
A4_remove_hierarchical_pooling,20,69,201798,0.182654320988,0.27,True,,,,,
A2_remove_industry_prior,20,70,201799,0.077530864198,0.065185185185,False,,,,,
A4_remove_hierarchical_pooling,20,70,201799,0.077530864198,0.18,True,,,,,
A2_remove_industry_prior,20,71,201800,0.18024691358,0.198148148148,True,,,,,
A4_remove_hierarchical_pooling,20,71,201800,0.18024691358,0.2,True,,,,,
A2_remove_industry_prior,20,72,201801,0.072222222222,0.083333333333,True,,,,,
A4_remove_hierarchical_pooling,20,72,201801,0.072222222222,0.1,True,,,,,
A2_remove_industry_prior,20,73,201802,0.104938271605,0.101481481481,False,,,,,
A4_remove_hierarchical_pooling,20,73,201802,0.104938271605,0.15,True,,,,,
A2_remove_industry_prior,20,74,201803,0.057037037037,0.142222222222,True,,,,,
A4_remove_hierarchical_pooling,20,74,201803,0.057037037037,0.07,True,,,,,
A2_remove_industry_prior,20,75,201804,0.132654320988,0.127407407407,False,,,,,
A4_remove_hierarchical_pooling,20,75,201804,0.132654320988,0.17,True,,,,,
A2_remove_industry_prior,20,76,201805,0.045061728395,0.053703703704,True,,,,,
A4_remove_hierarchical_pooling,20,76,201805,0.045061728395,0.08,True,,,,,
A2_remove_industry_prior,20,77,201806,0.113827160494,0.14962962963,True,,,,,
A4_remove_hierarchical_pooling,20,77,201806,0.113827160494,0.15,True,,,,,
A2_remove_industry_prior,20,78,201807,0.156790123457,0.157407407407,True,,,,,
A4_remove_hierarchical_pooling,20,78,201807,0.156790123457,0.15,False,,,,,
A2_remove_industry_prior,20,79,201808,0.057469135802,0.067037037037,True,,,,,
A4_remove_hierarchical_pooling,20,79,201808,0.057469135802,0.08,True,,,,,
A2_remove_industry_prior,20,80,201809,0.118765432099,0.129259259259,True,,,,,
A4_remove_hierarchical_pooling,20,80,201809,0.118765432099,0.22,True,,,,,
A2_remove_industry_prior,20,81,201810,0.084567901235,0.042222222222,False,,,,,
A4_remove_hierarchical_pooling,20,81,201810,0.084567901235,0.1,True,,,,,
A2_remove_industry_prior,20,82,201811,0.212345679012,0.274074074074,True,,,,,
A4_remove_hierarchical_pooling,20,82,201811,0.212345679012,0.3,True,,,,,
A2_remove_industry_prior,20,83,201812,0.137962962963,0.177777777778,True,,,,,
A4_remove_hierarchical_pooling,20,83,201812,0.137962962963,0.15,True,,,,,
A2_remove_industry_prior,20,84,201813,0.053024691358,0.127407407407,True,,,,,
A4_remove_hierarchical_pooling,20,84,201813,0.053024691358,0.12,True,,,,,
A2_remove_industry_prior,20,85,201814,0.041419753086,0.131481481481,True,,,,,
A4_remove_hierarchical_pooling,20,85,201814,0.041419753086,0.05,True,,,,,
A2_remove_industry_prior,20,86,201815,0.078765432099,0.148148148148,True,,,,,
A4_remove_hierarchical_pooling,20,86,201815,0.078765432099,0.13,True,,,,,
A2_remove_industry_prior,20,87,201816,0.097160493827,0.116296296296,True,,,,,
A4_remove_hierarchical_pooling,20,87,201816,0.097160493827,0.12,True,,,,,
A2_remove_industry_prior,20,88,201817,0.017654320988,0.07037037037,True,,,,,
A4_remove_hierarchical_pooling,20,88,201817,0.017654320988,0.05,True,,,,,
A2_remove_industry_prior,20,89,201818,0.088827160494,0.166296296296,True,,,,,
A4_remove_hierarchical_pooling,20,89,201818,0.088827160494,0.17,True,,,,,
A2_remove_industry_prior,20,90,201819,0.05549382716,0.127407407407,True,,,,,
A4_remove_hierarchical_pooling,20,90,201819,0.05549382716,0.07,True,,,,,
A2_remove_industry_prior,20,91,201820,0.072469135802,0.090740740741,True,,,,,
A4_remove_hierarchical_pooling,20,91,201820,0.072469135802,0.12,True,,,,,
A2_remove_industry_prior,20,92,201821,0.116913580247,0.201481481481,True,,,,,
A4_remove_hierarchical_pooling,20,92,201821,0.116913580247,0.17,True,,,,,
A2_remove_industry_prior,20,93,201822,0.117654320988,0.105925925926,False,,,,,
A4_remove_hierarchical_pooling,20,93,201822,0.117654320988,0.23,True,,,,,
A2_remove_industry_prior,20,94,201823,0.058271604938,0.032962962963,False,,,,,
A4_remove_hierarchical_pooling,20,94,201823,0.058271604938,0.15,True,,,,,
A2_remove_industry_prior,20,95,201824,0.133641975309,0.085185185185,False,,,,,
A4_remove_hierarchical_pooling,20,95,201824,0.133641975309,0.25,True,,,,,
A2_remove_industry_prior,20,96,201825,0.114444444444,0.088518518519,False,,,,,
A4_remove_hierarchical_pooling,20,96,201825,0.114444444444,0.17,True,,,,,
A2_remove_industry_prior,20,97,201826,0.086666666667,0.036666666667,False,,,,,
A4_remove_hierarchical_pooling,20,97,201826,0.086666666667,0.15,True,,,,,
A2_remove_industry_prior,20,98,201827,0.159567901235,0.207407407407,True,,,,,
A4_remove_hierarchical_pooling,20,98,201827,0.159567901235,0.15,False,,,,,
A2_remove_industry_prior,20,99,201828,0.169814814815,0.168888888889,False,,,,,
A4_remove_hierarchical_pooling,20,99,201828,0.169814814815,0.23,True,,,,,
A2_remove_industry_prior,20,100,201829,0.054012345679,0.108888888889,True,,,,,
A4_remove_hierarchical_pooling,20,100,201829,0.054012345679,0.1,True,,,,,
A2_remove_industry_prior,20,101,201830,0.111790123457,0.133703703704,True,,,,,
A4_remove_hierarchical_pooling,20,101,201830,0.111790123457,0.18,True,,,,,
A2_remove_industry_prior,20,102,201831,0.156172839506,0.187037037037,True,,,,,
A4_remove_hierarchical_pooling,20,102,201831,0.156172839506,0.2,True,,,,,
A2_remove_industry_prior,20,103,201832,0.092283950617,0.072222222222,False,,,,,
A4_remove_hierarchical_pooling,20,103,201832,0.092283950617,0.2,True,,,,,
A2_remove_industry_prior,20,104,201833,0.148765432099,0.209259259259,True,,,,,
A4_remove_hierarchical_pooling,20,104,201833,0.148765432099,0.2,True,,,,,
A2_remove_industry_prior,20,105,201834,0.038209876543,0.09037037037,True,,,,,
A4_remove_hierarchical_pooling,20,105,201834,0.038209876543,0.05,True,,,,,
A2_remove_industry_prior,20,106,201835,0.056172839506,0.108888888889,True,,,,,
A4_remove_hierarchical_pooling,20,106,201835,0.056172839506,0.1,True,,,,,
A2_remove_industry_prior,20,107,201836,0.115185185185,0.166666666667,True,,,,,
A4_remove_hierarchical_pooling,20,107,201836,0.115185185185,0.18,True,,,,,
A2_remove_industry_prior,20,108,201837,0.073456790123,0.124074074074,True,,,,,
A4_remove_hierarchical_pooling,20,108,201837,0.073456790123,0.1,True,,,,,
A2_remove_industry_prior,20,109,201838,0.098395061728,0.157037037037,True,,,,,
A4_remove_hierarchical_pooling,20,109,201838,0.098395061728,0.12,True,,,,,
A2_remove_industry_prior,20,110,201839,0.155185185185,0.125555555556,False,,,,,
A4_remove_hierarchical_pooling,20,110,201839,0.155185185185,0.22,True,,,,,
A2_remove_industry_prior,20,111,201840,0.130864197531,0.17037037037,True,,,,,
A4_remove_hierarchical_pooling,20,111,201840,0.130864197531,0.15,True,,,,,
A2_remove_industry_prior,20,112,201841,0.177839506173,0.212962962963,True,,,,,
A4_remove_hierarchical_pooling,20,112,201841,0.177839506173,0.28,True,,,,,
A2_remove_industry_prior,20,113,201842,0.18987654321,0.135555555556,False,,,,,
A4_remove_hierarchical_pooling,20,113,201842,0.18987654321,0.28,True,,,,,
A2_remove_industry_prior,20,114,201843,0.162654320988,0.197777777778,True,,,,,
A4_remove_hierarchical_pooling,20,114,201843,0.162654320988,0.17,True,,,,,
A2_remove_industry_prior,20,115,201844,0.14049382716,0.076296296296,False,,,,,
A4_remove_hierarchical_pooling,20,115,201844,0.14049382716,0.23,True,,,,,
A2_remove_industry_prior,20,116,201845,0.074382716049,0.045925925926,False,,,,,
A4_remove_hierarchical_pooling,20,116,201845,0.074382716049,0.1,True,,,,,
A2_remove_industry_prior,20,117,201846,0.078456790123,0.104074074074,True,,,,,
A4_remove_hierarchical_pooling,20,117,201846,0.078456790123,0.13,True,,,,,
A2_remove_industry_prior,20,118,201847,0.027716049383,0.057037037037,True,,,,,
A4_remove_hierarchical_pooling,20,118,201847,0.027716049383,0.07,True,,,,,
A2_remove_industry_prior,20,119,201848,0.097530864198,0.071851851852,False,,,,,
A4_remove_hierarchical_pooling,20,119,201848,0.097530864198,0.2,True,,,,,
A2_remove_industry_prior,20,120,201849,0.058271604938,0.066296296296,True,,,,,
A4_remove_hierarchical_pooling,20,120,201849,0.058271604938,0.15,True,,,,,
A2_remove_industry_prior,20,121,201850,0.089814814815,0.160740740741,True,,,,,
A4_remove_hierarchical_pooling,20,121,201850,0.089814814815,0.12,True,,,,,
A2_remove_industry_prior,20,122,201851,0.155555555556,0.15,False,,,,,
A4_remove_hierarchical_pooling,20,122,201851,0.155555555556,0.18,True,,,,,
A2_remove_industry_prior,20,123,201852,0.163333333333,0.08,False,,,,,
A4_remove_hierarchical_pooling,20,123,201852,0.163333333333,0.23,True,,,,,
A2_remove_industry_prior,20,124,201853,0.124135802469,0.133333333333,True,,,,,
A4_remove_hierarchical_pooling,20,124,201853,0.124135802469,0.18,True,,,,,
A2_remove_industry_prior,20,125,201854,0.140740740741,0.196296296296,True,,,,,
A4_remove_hierarchical_pooling,20,125,201854,0.140740740741,0.2,True,,,,,
A2_remove_industry_prior,20,126,201855,0.088888888889,0.12962962963,True,,,,,
A4_remove_hierarchical_pooling,20,126,201855,0.088888888889,0.1,True,,,,,
A2_remove_industry_prior,20,127,201856,0.151172839506,0.173703703704,True,,,,,
A4_remove_hierarchical_pooling,20,127,201856,0.151172839506,0.17,True,,,,,
A2_remove_industry_prior,20,128,201857,0.108333333333,0.2,True,,,,,
A4_remove_hierarchical_pooling,20,128,201857,0.108333333333,0.15,True,,,,,
A2_remove_industry_prior,20,129,201858,0.093209876543,0.109259259259,True,,,,,
A4_remove_hierarchical_pooling,20,129,201858,0.093209876543,0.1,True,,,,,
A2_remove_industry_prior,20,130,201859,0.093518518519,0.144444444444,True,,,,,
A4_remove_hierarchical_pooling,20,130,201859,0.093518518519,0.13,True,,,,,
A2_remove_industry_prior,20,131,201860,0.124691358025,0.068518518519,False,,,,,
A4_remove_hierarchical_pooling,20,131,201860,0.124691358025,0.2,True,,,,,
A2_remove_industry_prior,20,132,201861,0.139259259259,0.188888888889,True,,,,,
A4_remove_hierarchical_pooling,20,132,201861,0.139259259259,0.18,True,,,,,
A2_remove_industry_prior,20,133,201862,0.106172839506,0.087037037037,False,,,,,
A4_remove_hierarchical_pooling,20,133,201862,0.106172839506,0.2,True,,,,,
A2_remove_industry_prior,20,134,201863,0.042345679012,0.114814814815,True,,,,,
A4_remove_hierarchical_pooling,20,134,201863,0.042345679012,0.05,True,,,,,
A2_remove_industry_prior,20,135,201864,0.127530864198,0.148518518519,True,,,,,
A4_remove_hierarchical_pooling,20,135,201864,0.127530864198,0.18,True,,,,,
A2_remove_industry_prior,20,136,201865,0.084567901235,0.068518518519,False,,,,,
A4_remove_hierarchical_pooling,20,136,201865,0.084567901235,0.15,True,,,,,
A2_remove_industry_prior,20,137,201866,0.042901234568,0.107407407407,True,,,,,
A4_remove_hierarchical_pooling,20,137,201866,0.042901234568,0.03,False,,,,,
A2_remove_industry_prior,20,138,201867,0.081728395062,0.09037037037,True,,,,,
A4_remove_hierarchical_pooling,20,138,201867,0.081728395062,0.07,False,,,,,
A2_remove_industry_prior,20,139,201868,0.062407407407,0.063333333333,True,,,,,
A4_remove_hierarchical_pooling,20,139,201868,0.062407407407,0.08,True,,,,,
A2_remove_industry_prior,20,140,201869,0.064197530864,0.060740740741,False,,,,,
A4_remove_hierarchical_pooling,20,140,201869,0.064197530864,0.15,True,,,,,
A2_remove_industry_prior,20,141,201870,0.025308641975,0.073703703704,True,,,,,
A4_remove_hierarchical_pooling,20,141,201870,0.025308641975,0.07,True,,,,,
A2_remove_industry_prior,20,142,201871,0.200925925926,0.255555555556,True,,,,,
A4_remove_hierarchical_pooling,20,142,201871,0.200925925926,0.25,True,,,,,
A2_remove_industry_prior,20,143,201872,0.126234567901,0.121851851852,False,,,,,
A4_remove_hierarchical_pooling,20,143,201872,0.126234567901,0.25,True,,,,,
A2_remove_industry_prior,20,144,201873,0.118827160494,0.081111111111,False,,,,,
A4_remove_hierarchical_pooling,20,144,201873,0.118827160494,0.2,True,,,,,
A2_remove_industry_prior,20,145,201874,0.076790123457,0.127407407407,True,,,,,
A4_remove_hierarchical_pooling,20,145,201874,0.076790123457,0.07,False,,,,,
A2_remove_industry_prior,20,146,201875,0.13950617284,0.097777777778,False,,,,,
A4_remove_hierarchical_pooling,20,146,201875,0.13950617284,0.2,True,,,,,
A2_remove_industry_prior,20,147,201876,0.095308641975,0.107037037037,True,,,,,
A4_remove_hierarchical_pooling,20,147,201876,0.095308641975,0.17,True,,,,,
A2_remove_industry_prior,20,148,201877,0.071543209877,0.101481481481,True,,,,,
A4_remove_hierarchical_pooling,20,148,201877,0.071543209877,0.12,True,,,,,
A2_remove_industry_prior,20,149,201878,0.174691358025,0.131481481481,False,,,,,
A4_remove_hierarchical_pooling,20,149,201878,0.174691358025,0.3,True,,,,,
A2_remove_industry_prior,20,150,201879,0.19962962963,0.231111111111,True,,,,,
A4_remove_hierarchical_pooling,20,150,201879,0.19962962963,0.22,True,,,,,
A2_remove_industry_prior,20,151,201880,0.085432098765,0.112592592593,True,,,,,
A4_remove_hierarchical_pooling,20,151,201880,0.085432098765,0.07,False,,,,,
A2_remove_industry_prior,20,152,201881,0.146049382716,0.177777777778,True,,,,,
A4_remove_hierarchical_pooling,20,152,201881,0.146049382716,0.18,True,,,,,
A2_remove_industry_prior,20,153,201882,0.094444444444,0.05,False,,,,,
A4_remove_hierarchical_pooling,20,153,201882,0.094444444444,0.15,True,,,,,
A2_remove_industry_prior,20,154,201883,0.13462962963,0.166666666667,True,,,,,
A4_remove_hierarchical_pooling,20,154,201883,0.13462962963,0.18,True,,,,,
A2_remove_industry_prior,20,155,201884,0.105802469136,0.084814814815,False,,,,,
A4_remove_hierarchical_pooling,20,155,201884,0.105802469136,0.2,True,,,,,
A2_remove_industry_prior,20,156,201885,0.065185185185,0.122222222222,True,,,,,
A4_remove_hierarchical_pooling,20,156,201885,0.065185185185,0.1,True,,,,,
A2_remove_industry_prior,20,157,201886,0.031234567901,0.061111111111,True,,,,,
A4_remove_hierarchical_pooling,20,157,201886,0.031234567901,0.08,True,,,,,
A2_remove_industry_prior,20,158,201887,0.048148148148,0.055925925926,True,,,,,
A4_remove_hierarchical_pooling,20,158,201887,0.048148148148,0.1,True,,,,,
A2_remove_industry_prior,20,159,201888,0.136111111111,0.133333333333,False,,,,,
A4_remove_hierarchical_pooling,20,159,201888,0.136111111111,0.1,False,,,,,
A2_remove_industry_prior,20,160,201889,0.042839506173,0.05,True,,,,,
A4_remove_hierarchical_pooling,20,160,201889,0.042839506173,0.07,True,,,,,
A2_remove_industry_prior,20,161,201890,0.05950617284,0.075555555556,True,,,,,
A4_remove_hierarchical_pooling,20,161,201890,0.05950617284,0.12,True,,,,,
A2_remove_industry_prior,20,162,201891,0.067283950617,0.132962962963,True,,,,,
A4_remove_hierarchical_pooling,20,162,201891,0.067283950617,0.07,True,,,,,
A2_remove_industry_prior,20,163,201892,0.138518518519,0.114444444444,False,,,,,
A4_remove_hierarchical_pooling,20,163,201892,0.138518518519,0.22,True,,,,,
A2_remove_industry_prior,20,164,201893,0.191358024691,0.198148148148,True,,,,,
A4_remove_hierarchical_pooling,20,164,201893,0.191358024691,0.2,True,,,,,
A2_remove_industry_prior,20,165,201894,0.079691358025,0.138888888889,True,,,,,
A4_remove_hierarchical_pooling,20,165,201894,0.079691358025,0.13,True,,,,,
A2_remove_industry_prior,20,166,201895,0.150555555556,0.17,True,,,,,
A4_remove_hierarchical_pooling,20,166,201895,0.150555555556,0.17,True,,,,,
A2_remove_industry_prior,20,167,201896,0.126234567901,0.161111111111,True,,,,,
A4_remove_hierarchical_pooling,20,167,201896,0.126234567901,0.15,True,,,,,
A2_remove_industry_prior,20,168,201897,0.111419753086,0.185185185185,True,,,,,
A4_remove_hierarchical_pooling,20,168,201897,0.111419753086,0.2,True,,,,,
A2_remove_industry_prior,20,169,201898,0.146666666667,0.162962962963,True,,,,,
A4_remove_hierarchical_pooling,20,169,201898,0.146666666667,0.18,True,,,,,
A2_remove_industry_prior,20,170,201899,0.07537037037,0.041111111111,False,,,,,
A4_remove_hierarchical_pooling,20,170,201899,0.07537037037,0.13,True,,,,,
A2_remove_industry_prior,20,171,201900,0.079074074074,0.083333333333,True,,,,,
A4_remove_hierarchical_pooling,20,171,201900,0.079074074074,0.08,True,,,,,
A2_remove_industry_prior,20,172,201901,0.009567901235,0.074074074074,True,,,,,
A4_remove_hierarchical_pooling,20,172,201901,0.009567901235,0.02,True,,,,,
A2_remove_industry_prior,20,173,201902,0.163209876543,0.245925925926,True,,,,,
A4_remove_hierarchical_pooling,20,173,201902,0.163209876543,0.22,True,,,,,
A2_remove_industry_prior,20,174,201903,0.024012345679,0.090740740741,True,,,,,
A4_remove_hierarchical_pooling,20,174,201903,0.024012345679,0.02,False,,,,,
A2_remove_industry_prior,20,175,201904,0.162037037037,0.222222222222,True,,,,,
A4_remove_hierarchical_pooling,20,175,201904,0.162037037037,0.2,True,,,,,
A2_remove_industry_prior,20,176,201905,0.068765432099,0.079259259259,True,,,,,
A4_remove_hierarchical_pooling,20,176,201905,0.068765432099,0.07,True,,,,,
A2_remove_industry_prior,20,177,201906,0.136049382716,0.09962962963,False,,,,,
A4_remove_hierarchical_pooling,20,177,201906,0.136049382716,0.25,True,,,,,
A2_remove_industry_prior,20,178,201907,0.070617283951,0.092222222222,True,,,,,
A4_remove_hierarchical_pooling,20,178,201907,0.070617283951,0.12,True,,,,,
A2_remove_industry_prior,20,179,201908,0.101172839506,0.109259259259,True,,,,,
A4_remove_hierarchical_pooling,20,179,201908,0.101172839506,0.12,True,,,,,
A2_remove_industry_prior,20,180,201909,0.097160493827,0.068148148148,False,,,,,
A4_remove_hierarchical_pooling,20,180,201909,0.097160493827,0.2,True,,,,,
A2_remove_industry_prior,20,181,201910,0.157777777778,0.053703703704,False,,,,,
A4_remove_hierarchical_pooling,20,181,201910,0.157777777778,0.2,True,,,,,
A2_remove_industry_prior,20,182,201911,0.123086419753,0.121851851852,False,,,,,
A4_remove_hierarchical_pooling,20,182,201911,0.123086419753,0.22,True,,,,,
A2_remove_industry_prior,20,183,201912,0.095308641975,0.144444444444,True,,,,,
A4_remove_hierarchical_pooling,20,183,201912,0.095308641975,0.12,True,,,,,
A2_remove_industry_prior,20,184,201913,0.046358024691,0.035185185185,False,,,,,
A4_remove_hierarchical_pooling,20,184,201913,0.046358024691,0.08,True,,,,,
A2_remove_industry_prior,20,185,201914,0.073086419753,0.064444444444,False,,,,,
A4_remove_hierarchical_pooling,20,185,201914,0.073086419753,0.1,True,,,,,
A2_remove_industry_prior,20,186,201915,0.135802469136,0.164814814815,True,,,,,
A4_remove_hierarchical_pooling,20,186,201915,0.135802469136,0.15,True,,,,,
A2_remove_industry_prior,20,187,201916,0.067037037037,0.108888888889,True,,,,,
A4_remove_hierarchical_pooling,20,187,201916,0.067037037037,0.1,True,,,,,
A2_remove_industry_prior,20,188,201917,0.079691358025,0.061481481481,False,,,,,
A4_remove_hierarchical_pooling,20,188,201917,0.079691358025,0.13,True,,,,,
A2_remove_industry_prior,20,189,201918,0.081728395062,0.148148148148,True,,,,,
A4_remove_hierarchical_pooling,20,189,201918,0.081728395062,0.07,False,,,,,
A2_remove_industry_prior,20,190,201919,0.126543209877,0.153333333333,True,,,,,
A4_remove_hierarchical_pooling,20,190,201919,0.126543209877,0.15,True,,,,,
A2_remove_industry_prior,20,191,201920,0.065679012346,0.062592592593,False,,,,,
A4_remove_hierarchical_pooling,20,191,201920,0.065679012346,0.12,True,,,,,
A2_remove_industry_prior,20,192,201921,0.062962962963,0.094444444444,True,,,,,
A4_remove_hierarchical_pooling,20,192,201921,0.062962962963,0.05,False,,,,,
A2_remove_industry_prior,20,193,201922,0.027777777778,0.094074074074,True,,,,,
A4_remove_hierarchical_pooling,20,193,201922,0.027777777778,0.05,True,,,,,
A2_remove_industry_prior,20,194,201923,0.115679012346,0.077407407407,False,,,,,
A4_remove_hierarchical_pooling,20,194,201923,0.115679012346,0.17,True,,,,,
A2_remove_industry_prior,20,195,201924,0.102777777778,0.2,True,,,,,
A4_remove_hierarchical_pooling,20,195,201924,0.102777777778,0.15,True,,,,,
A2_remove_industry_prior,20,196,201925,0.053395061728,0.096296296296,True,,,,,
A4_remove_hierarchical_pooling,20,196,201925,0.053395061728,0.05,False,,,,,
A2_remove_industry_prior,20,197,201926,0.099938271605,0.171851851852,True,,,,,
A4_remove_hierarchical_pooling,20,197,201926,0.099938271605,0.17,True,,,,,
A2_remove_industry_prior,20,198,201927,0.07987654321,0.112592592593,True,,,,,
A4_remove_hierarchical_pooling,20,198,201927,0.07987654321,0.12,True,,,,,
A2_remove_industry_prior,20,199,201928,0.112345679012,0.168148148148,True,,,,,
A4_remove_hierarchical_pooling,20,199,201928,0.112345679012,0.2,True,,,,,
A3_remove_compatibility_mask,1,0,,,,,c1,0.0,0.55,False,True
A3_remove_compatibility_mask,2,0,,,,,c2,0.0,0.5,False,True
A3_remove_compatibility_mask,3,0,,,,,c3,0.0,0.45,False,True
A3_remove_compatibility_mask,4,0,,,,,c4,0.0,0.48,False,True
A6_remove_temporal_decay,80,0,601729,0.248838196051,0.288888888889,True,,,,,
A6_remove_temporal_decay,80,1,601730,0.230635765965,0.316666666667,True,,,,,
A6_remove_temporal_decay,80,2,601731,0.374490047209,0.388888888889,True,,,,,
A6_remove_temporal_decay,80,3,601732,0.239156079034,0.316666666667,True,,,,,
A6_remove_temporal_decay,80,4,601733,0.223702951942,0.266666666667,True,,,,,
A6_remove_temporal_decay,80,5,601734,0.26596973414,0.294444444444,True,,,,,
A6_remove_temporal_decay,80,6,601735,0.264304631656,0.338888888889,True,,,,,
A6_remove_temporal_decay,80,7,601736,0.305551508271,0.388888888889,True,,,,,
A6_remove_temporal_decay,80,8,601737,0.198051100785,0.266666666667,True,,,,,
A6_remove_temporal_decay,80,9,601738,0.281861864841,0.333333333333,True,,,,,
A6_remove_temporal_decay,80,10,601739,0.273186344894,0.333333333333,True,,,,,
A6_remove_temporal_decay,80,11,601740,0.256649017292,0.311111111111,True,,,,,
A6_remove_temporal_decay,80,12,601741,0.257010417462,0.316666666667,True,,,,,
A6_remove_temporal_decay,80,13,601742,0.365530730531,0.4,True,,,,,
A6_remove_temporal_decay,80,14,601743,0.21488553363,0.288888888889,True,,,,,
A6_remove_temporal_decay,80,15,601744,0.207010417462,0.25,True,,,,,
A6_remove_temporal_decay,80,16,601745,0.29855439932,0.344444444444,True,,,,,
A6_remove_temporal_decay,80,17,601746,0.247173093567,0.333333333333,True,,,,,
A6_remove_temporal_decay,80,18,601747,0.281564759598,0.333333333333,True,,,,,
A6_remove_temporal_decay,80,19,601748,0.273483450137,0.327777777778,True,,,,,
A6_remove_temporal_decay,80,20,601749,0.297973497346,0.361111111111,True,,,,,
A6_remove_temporal_decay,80,21,601750,0.256790915658,0.305555555556,True,,,,,
A6_remove_temporal_decay,80,22,601751,0.230997166135,0.305555555556,True,,,,,
A6_remove_temporal_decay,80,23,601752,0.256429515488,0.333333333333,True,,,,,
A6_remove_temporal_decay,80,24,601753,0.306429515488,0.366666666667,True,,,,,
A6_remove_temporal_decay,80,25,601754,0.239595082643,0.305555555556,True,,,,,
A6_remove_temporal_decay,80,26,601755,0.256132410245,0.322222222222,True,,,,,
A6_remove_temporal_decay,80,27,601756,0.256649017292,0.311111111111,True,,,,,
A6_remove_temporal_decay,80,28,601757,0.314446530021,0.383333333333,True,,,,,
A6_remove_temporal_decay,80,29,601758,0.307513715998,0.333333333333,True,,,,,
A6_remove_temporal_decay,80,30,601759,0.323767246869,0.361111111111,True,,,,,
A6_remove_temporal_decay,80,31,601760,0.205487213344,0.294444444444,True,,,,,
A6_remove_temporal_decay,80,32,601761,0.224206250477,0.255555555556,True,,,,,
A6_remove_temporal_decay,80,33,601762,0.264588428387,0.327777777778,True,,,,,
A6_remove_temporal_decay,80,34,601763,0.290317882983,0.333333333333,True,,,,,
A6_remove_temporal_decay,80,35,601764,0.24891579949,0.288888888889,True,,,,,
A6_remove_temporal_decay,80,36,601765,0.330919562697,0.405555555556,True,,,,,
A6_remove_temporal_decay,80,37,601766,0.273547745064,0.316666666667,True,,,,,
A6_remove_temporal_decay,80,38,601767,0.290098381178,0.338888888889,True,,,,,
A6_remove_temporal_decay,80,39,601768,0.256068115318,0.333333333333,True,,,,,
A6_remove_temporal_decay,80,40,601769,0.24855439932,0.294444444444,True,,,,,
A6_remove_temporal_decay,80,41,601770,0.207010417462,0.25,True,,,,,
A6_remove_temporal_decay,80,42,601771,0.256132410245,0.322222222222,True,,,,,
A6_remove_temporal_decay,80,43,601772,0.373909145234,0.405555555556,True,,,,,
A6_remove_temporal_decay,80,44,601773,0.331642363036,0.383333333333,True,,,,,
A6_remove_temporal_decay,80,45,601774,0.248051100785,0.311111111111,True,,,,,
A6_remove_temporal_decay,80,46,601775,0.265388832165,0.311111111111,True,,,,,
A6_remove_temporal_decay,80,47,601776,0.306132410245,0.372222222222,True,,,,,
A6_remove_temporal_decay,80,48,601777,0.282081366645,0.322222222222,True,,,,,
A6_remove_temporal_decay,80,49,601778,0.206649017292,0.261111111111,True,,,,,
A6_remove_temporal_decay,80,50,601779,0.257152315828,0.294444444444,True,,,,,
A6_remove_temporal_decay,80,51,601780,0.29038217791,0.327777777778,True,,,,,
A6_remove_temporal_decay,80,52,601781,0.273625348503,0.316666666667,True,,,,,
A6_remove_temporal_decay,80,53,601782,0.173341551772,0.227777777778,True,,,,,
A6_remove_temporal_decay,80,54,601783,0.289956482813,0.35,True,,,,,
A6_remove_temporal_decay,80,55,601784,0.206287617122,0.277777777778,True,,,,,
A6_remove_temporal_decay,80,56,601785,0.273483450137,0.322222222222,True,,,,,
A6_remove_temporal_decay,80,57,601786,0.214227028217,0.294444444444,True,,,,,
A6_remove_temporal_decay,80,58,601787,0.307152315828,0.344444444444,True,,,,,
A6_remove_temporal_decay,80,59,601788,0.240175984617,0.305555555556,True,,,,,
A6_remove_temporal_decay,80,60,601789,0.189091784107,0.272222222222,True,,,,,
A6_remove_temporal_decay,80,61,601790,0.281500464671,0.338888888889,True,,,,,
A6_remove_temporal_decay,80,62,601791,0.240175984617,0.288888888889,True,,,,,
A6_remove_temporal_decay,80,63,601792,0.240317882983,0.288888888889,True,,,,,
A6_remove_temporal_decay,80,64,601793,0.240175984617,0.288888888889,True,,,,,
A6_remove_temporal_decay,80,65,601794,0.206210013684,0.272222222222,True,,,,,
A6_remove_temporal_decay,80,66,601795,0.289956482813,0.344444444444,True,,,,,
A6_remove_temporal_decay,80,67,601796,0.307294214193,0.344444444444,True,,,,,
A6_remove_temporal_decay,80,68,601797,0.256790915658,0.305555555556,True,,,,,
A6_remove_temporal_decay,80,69,601798,0.290098381178,0.338888888889,True,,,,,
A6_remove_temporal_decay,80,70,601799,0.173922453746,0.227777777778,True,,,,,
A6_remove_temporal_decay,80,71,601800,0.307152315828,0.344444444444,True,,,,,
A6_remove_temporal_decay,80,72,601801,0.256287617122,0.322222222222,True,,,,,
A6_remove_temporal_decay,80,73,601802,0.314446530021,0.383333333333,True,,,,,
A6_remove_temporal_decay,80,74,601803,0.182300868449,0.238888888889,True,,,,,
A6_remove_temporal_decay,80,75,601804,0.315027431996,0.383333333333,True,,,,,
A6_remove_temporal_decay,80,76,601805,0.180777664331,0.261111111111,True,,,,,
A6_remove_temporal_decay,80,77,601806,0.240175984617,0.316666666667,True,,,,,
A6_remove_temporal_decay,80,78,601807,0.29038217791,0.327777777778,True,,,,,
A6_remove_temporal_decay,80,79,601808,0.26560833397,0.305555555556,True,,,,,
A6_remove_temporal_decay,80,80,601809,0.181139064501,0.25,True,,,,,
A6_remove_temporal_decay,80,81,601810,0.223702951942,0.294444444444,True,,,,,
A6_remove_temporal_decay,80,82,601811,0.256351912049,0.316666666667,True,,,,,
A6_remove_temporal_decay,80,83,601812,0.331280962866,0.394444444444,True,,,,,
A6_remove_temporal_decay,80,84,601813,0.290317882983,0.338888888889,True,,,,,
A6_remove_temporal_decay,80,85,601814,0.315750232335,0.344444444444,True,,,,,
A6_remove_temporal_decay,80,86,601815,0.289736981008,0.35,True,,,,,
A6_remove_temporal_decay,80,87,601816,0.2152469338,0.261111111111,True,,,,,
A6_remove_temporal_decay,80,88,601817,0.307152315828,0.344444444444,True,,,,,
A6_remove_temporal_decay,80,89,601818,0.223702951942,0.272222222222,True,,,,,
A6_remove_temporal_decay,80,90,601819,0.198632002759,0.266666666667,True,,,,,
A6_remove_temporal_decay,80,91,601820,0.281139064501,0.35,True,,,,,
A6_remove_temporal_decay,80,92,601821,0.255990511879,0.327777777778,True,,,,,
A6_remove_temporal_decay,80,93,601822,0.282584665181,0.333333333333,True,,,,,
A6_remove_temporal_decay,80,94,601823,0.290459781348,0.327777777778,True,,,,,
A6_remove_temporal_decay,80,95,601824,0.307294214193,0.338888888889,True,,,,,
A6_remove_temporal_decay,80,96,601825,0.273122049968,0.333333333333,True,,,,,
A6_remove_temporal_decay,80,97,601826,0.306932814024,0.35,True,,,,,
A6_remove_temporal_decay,80,98,601827,0.323986748673,0.355555555556,True,,,,,
A6_remove_temporal_decay,80,99,601828,0.24783159898,0.316666666667,True,,,,,
A6_remove_temporal_decay,80,100,601829,0.231939468279,0.277777777778,True,,,,,
A6_remove_temporal_decay,80,101,601830,0.273122049968,0.355555555556,True,,,,,
A6_remove_temporal_decay,80,102,601831,0.214382235094,0.305555555556,True,,,,,
A6_remove_temporal_decay,80,103,601832,0.273483450137,0.327777777778,True,,,,,
A6_remove_temporal_decay,80,104,601833,0.248051100785,0.311111111111,True,,,,,
A6_remove_temporal_decay,80,105,601834,0.248773901125,0.305555555556,True,,,,,
A6_remove_temporal_decay,80,106,601835,0.255990511879,0.327777777778,True,,,,,
A6_remove_temporal_decay,80,107,601836,0.231719966475,0.283333333333,True,,,,,
A6_remove_temporal_decay,80,108,601837,0.262923325903,0.377777777778,True,,,,,
A6_remove_temporal_decay,80,109,601838,0.24855439932,0.294444444444,True,,,,,
A6_remove_temporal_decay,80,110,601839,0.231939468279,0.294444444444,True,,,,,
A6_remove_temporal_decay,80,111,601840,0.206868519097,0.261111111111,True,,,,,
A6_remove_temporal_decay,80,112,601841,0.24819299915,0.305555555556,True,,,,,
A6_remove_temporal_decay,80,113,601842,0.239814584447,0.316666666667,True,,,,,
A6_remove_temporal_decay,80,114,601843,0.272102144385,0.361111111111,True,,,,,
A6_remove_temporal_decay,80,115,601844,0.273483450137,0.327777777778,True,,,,,
A6_remove_temporal_decay,80,116,601845,0.347973497346,0.416666666667,True,,,,,
A6_remove_temporal_decay,80,117,601846,0.290317882983,0.338888888889,True,,,,,
A6_remove_temporal_decay,80,118,601847,0.28965937757,0.35,True,,,,,
A6_remove_temporal_decay,80,119,601848,0.323986748673,0.355555555556,True,,,,,
A6_remove_temporal_decay,80,120,601849,0.340240279544,0.383333333333,True,,,,,
A6_remove_temporal_decay,80,121,601850,0.222463544555,0.3,True,,,,,
A6_remove_temporal_decay,80,122,601851,0.365169330361,0.416666666667,True,,,,,
A6_remove_temporal_decay,80,123,601852,0.231939468279,0.283333333333,True,,,,,
A6_remove_temporal_decay,80,124,601853,0.232300868449,0.266666666667,True,,,,,
A6_remove_temporal_decay,80,125,601854,0.26488553363,0.322222222222,True,,,,,
A6_remove_temporal_decay,80,126,601855,0.306210013684,0.372222222222,True,,,,,
A6_remove_temporal_decay,80,127,601856,0.23157806811,0.294444444444,True,,,,,
A6_remove_temporal_decay,80,128,601857,0.298334897516,0.35,True,,,,,
A6_remove_temporal_decay,80,129,601858,0.257010417462,0.3,True,,,,,
A6_remove_temporal_decay,80,130,601859,0.189156079034,0.266666666667,True,,,,,
A6_remove_temporal_decay,80,131,601860,0.206287617122,0.272222222222,True,,,,,
A6_remove_temporal_decay,80,132,601861,0.273483450137,0.322222222222,True,,,,,
A6_remove_temporal_decay,80,133,601862,0.239814584447,0.316666666667,True,,,,,
A6_remove_temporal_decay,80,134,601863,0.240317882983,0.283333333333,True,,,,,
A6_remove_temporal_decay,80,135,601864,0.273625348503,0.322222222222,True,,,,,
A6_remove_temporal_decay,80,136,601865,0.248412500955,0.305555555556,True,,,,,
A6_remove_temporal_decay,80,137,601866,0.230635765965,0.316666666667,True,,,,,
A6_remove_temporal_decay,80,138,601867,0.264007526413,0.344444444444,True,,,,,
A6_remove_temporal_decay,80,139,601868,0.264666031826,0.327777777778,True,,,,,
A6_remove_temporal_decay,80,140,601869,0.282223265011,0.316666666667,True,,,,,
A6_remove_temporal_decay,80,141,601870,0.272102144385,0.361111111111,True,,,,,
A6_remove_temporal_decay,80,142,601871,0.240537384787,0.277777777778,True,,,,,
A6_remove_temporal_decay,80,143,601872,0.239453184277,0.311111111111,True,,,,,
A6_remove_temporal_decay,80,144,601873,0.256649017292,0.311111111111,True,,,,,
A6_remove_temporal_decay,80,145,601874,0.280480559088,0.366666666667,True,,,,,
A6_remove_temporal_decay,80,146,601875,0.223702951942,0.294444444444,True,,,,,
A6_remove_temporal_decay,80,147,601876,0.273986748673,0.305555555556,True,,,,,
A6_remove_temporal_decay,80,148,601877,0.305771010075,0.383333333333,True,,,,,
A6_remove_temporal_decay,80,149,601878,0.297534493737,0.377777777778,True,,,,,
A6_remove_temporal_decay,80,150,601879,0.315388832165,0.355555555556,True,,,,,
A6_remove_temporal_decay,80,151,601880,0.29891579949,0.338888888889,True,,,,,
A6_remove_temporal_decay,80,152,601881,0.323625348503,0.394444444444,True,,,,,
A6_remove_temporal_decay,80,153,601882,0.27260544292,0.344444444444,True,,,,,
A6_remove_temporal_decay,80,154,601883,0.281500464671,0.344444444444,True,,,,,
A6_remove_temporal_decay,80,155,601884,0.21560833397,0.266666666667,True,,,,,
A6_remove_temporal_decay,80,156,601885,0.23893657723,0.322222222222,True,,,,,
A6_remove_temporal_decay,80,157,601886,0.21488553363,0.272222222222,True,,,,,
A6_remove_temporal_decay,80,158,601887,0.257152315828,0.294444444444,True,,,,,
A6_remove_temporal_decay,80,159,601888,0.29819299915,0.355555555556,True,,,,,
A6_remove_temporal_decay,80,160,601889,0.282081366645,0.327777777778,True,,,,,
A6_remove_temporal_decay,80,161,601890,0.240175984617,0.294444444444,True,,,,,
A6_remove_temporal_decay,80,162,601891,0.24783159898,0.316666666667,True,,,,,
A6_remove_temporal_decay,80,163,601892,0.265750232335,0.294444444444,True,,,,,
A6_remove_temporal_decay,80,164,601893,0.315530730531,0.35,True,,,,,
A6_remove_temporal_decay,80,165,601894,0.256429515488,0.316666666667,True,,,,,
A6_remove_temporal_decay,80,166,601895,0.257010417462,0.3,True,,,,,
A6_remove_temporal_decay,80,167,601896,0.199135301295,0.25,True,,,,,
A6_remove_temporal_decay,80,168,601897,0.306790915658,0.355555555556,True,,,,,
A6_remove_temporal_decay,80,169,601898,0.173044446529,0.233333333333,True,,,,,
A6_remove_temporal_decay,80,170,601899,0.197689700615,0.272222222222,True,,,,,
A6_remove_temporal_decay,80,171,601900,0.299057697856,0.327777777778,True,,,,,
A6_remove_temporal_decay,80,172,601901,0.264304631656,0.338888888889,True,,,,,
A6_remove_temporal_decay,80,173,601902,0.230997166135,0.305555555556,True,,,,,
A6_remove_temporal_decay,80,174,601903,0.239878879374,0.294444444444,True,,,,,
A6_remove_temporal_decay,80,175,601904,0.264730326752,0.322222222222,True,,,,,
A6_remove_temporal_decay,80,176,601905,0.298257294077,0.355555555556,True,,,,,
A6_remove_temporal_decay,80,177,601906,0.198412500955,0.255555555556,True,,,,,
A6_remove_temporal_decay,80,178,601907,0.357655614363,0.377777777778,True,,,,,
A6_remove_temporal_decay,80,179,601908,0.306790915658,0.355555555556,True,,,,,
A6_remove_temporal_decay,80,180,601909,0.348696297686,0.405555555556,True,,,,,
A6_remove_temporal_decay,80,181,601910,0.257733217802,0.277777777778,True,,,,,
A6_remove_temporal_decay,80,182,601911,0.272541147993,0.35,True,,,,,
A6_remove_temporal_decay,80,183,601912,0.26452413346,0.361111111111,True,,,,,
A6_remove_temporal_decay,80,184,601913,0.256649017292,0.311111111111,True,,,,,
A6_remove_temporal_decay,80,185,601914,0.297534493737,0.372222222222,True,,,,,
A6_remove_temporal_decay,80,186,601915,0.272541147993,0.35,True,,,,,
A6_remove_temporal_decay,80,187,601916,0.240175984617,0.288888888889,True,,,,,
A6_remove_temporal_decay,80,188,601917,0.223122049968,0.283333333333,True,,,,,
A6_remove_temporal_decay,80,189,601918,0.307513715998,0.333333333333,True,,,,,
A6_remove_temporal_decay,80,190,601919,0.290162676105,0.333333333333,True,,,,,
A6_remove_temporal_decay,80,191,601920,0.290679283153,0.322222222222,True,,,,,
A6_remove_temporal_decay,80,192,601921,0.374128647039,0.4,True,,,,,
A6_remove_temporal_decay,80,193,601922,0.357294214193,0.388888888889,True,,,,,
A6_remove_temporal_decay,80,194,601923,0.223483450137,0.272222222222,True,,,,,
A6_remove_temporal_decay,80,195,601924,0.223483450137,0.277777777778,True,,,,,
A6_remove_temporal_decay,80,196,601925,0.331861864841,0.377777777778,True,,,,,
A6_remove_temporal_decay,80,197,601926,0.24819299915,0.305555555556,True,,,,,
A6_remove_temporal_decay,80,198,601927,0.273483450137,0.338888888889,True,,,,,
A6_remove_temporal_decay,80,199,601928,0.26452413346,0.333333333333,True,,,,,
